,Total Revenue
A,5339000000.0
AA,9286000000.0
AAIC,-55101000.0
AAL,17337000000.0
AAN,1734919000.0
AAOI,234623000.0
AAON,514551000.0
AAP,10106321000.0
AAPL,274515000000.0
AAT,342094000.0
AAWW,3211116000.0
ABBV,45804000000.0
ABC,189893926000.0
ABCB,938065000.0
ABEO,10000000.0
ABG,7131800000.0
ABM,5987600000.0
ABMD,847522000.0
ABR,426577000.0
ABT,34608000000.0
ABTX,183465000.0
AC,18983000.0
ACA,1935600000.0
ACAD,441755000.0
ACBI,79812000.0
ACC,870584000.0
ACCD,132507000.0
ACCO,1655200000.0
ACEL,316352000.0
ACGL,8525275000.0
ACHC,2089929000.0
ACI,69690400000.0
ACIW,1294322000.0
ACLS,474560000.0
ACM,13239976000.0
ACN,44327039000.0
ACNB,83862000.0
ACRE,60843000.0
ACRX,5416000.0
ACTG,29782000.0
ADBE,12868000000.0
ADC,248568000.0
ADES,61577000.0
ADI,5603056000.0
ADM,64355000000.0
ADMA,42219783.0
ADNT,12670000000.0
ADP,14589800000.0
ADPT,98382000.0
ADS,4521400000.0
ADSK,3790400000.0
ADT,5314787000.0
ADTN,506510000.0
ADUS,764775000.0
ADVM,0.0
AEE,5540000000.0
AEIS,1415826000.0
AEL,2426673000.0
AEO,3759113000.0
AEP,14918500000.0
AERI,83138000.0
AES,9660000000.0
AFG,7760000000.0
AFIB,8464000.0
AFIN,305224000.0
AFL,22147000000.0
AFMD,28857000.0
AGCO,9149700000.0
AGEN,88170000.0
AGIO,203196000.0
AGLE,0.0
AGM,197081000.0
AGNC,-27000000.0
AGO,1028000000.0
AGR,6320000000.0
AGRX,749000.0
AGS,167007000.0
AGX,392206000.0
AGYS,160757000.0
AHCO,1056389000.0
AHH,383634000.0
AI,156666000.0
AIG,43337000000.0
AIMC,1726000000.0
AIN,900610000.0
AIR,2072000000.0
AIRC,719556000.0
AIT,3245652000.0
AIV,152259000.0
AIZ,10088900000.0
AJG,6781800000.0
AJRD,2072700000.0
AJX,61900000.0
AKAM,3198149000.0
AKBA,295307000.0
AKR,256449000.0
AKRO,0.0
AKTS,1790000.0
AKUS,0.0
AL,2015439000.0
ALB,3128909000.0
ALBO,8308000.0
ALCO,92507000.0
ALE,1169100000.0
ALEC,21098000.0
ALEX,311200000.0
ALG,1163466000.0
ALGM,650089000.0
ALGN,2471941000.0
ALGS,0.0
ALGT,990073000.0
ALK,3566000000.0
ALKS,1038756000.0
ALL,44791000000.0
ALLE,2719900000.0
ALLK,0.0
ALLO,0.0
ALLY,6200000000.0
ALNY,492853000.0
ALRM,618003000.0
ALRS,222317000.0
ALSN,2081000000.0
ALTA,123395000.0
ALTG,873600000.0
ALTR,469921000.0
ALVR,0.0
ALX,199142000.0
ALXN,6069900000.0
ALXO,1182000.0
AM,971391000.0
AMAL,195829000.0
AMAT,17202000000.0
AMBC,166000000.0
AMC,1242400000.0
AMCR,12467500000.0
AMCX,2814956000.0
AMD,9763000000.0
AME,4540029000.0
AMED,2071519000.0
AMEH,687180000.0
AMG,2027500000.0
AMGN,25424000000.0
AMH,1182836000.0
AMK,432079000.0
AMKR,5050589000.0
AMN,2393714000.0
AMNB,91747000.0
AMOT,366694000.0
AMP,11958000000.0
AMPH,349846000.0
AMRC,1032275000.0
AMRS,173137000.0
AMRX,1992523000.0
AMSC,63838000.0
AMSF,339504000.0
AMSWA,115466000.0
AMT,8041500000.0
AMTB,174475000.0
AMTI,0.0
AMWD,1650333000.0
AMWL,245265000.0
AMZN,386064000000.0
AN,20390000000.0
ANAB,75000000.0
ANAT,3792399000.0
ANDE,8208436000.0
ANET,2317512000.0
ANF,3125384000.0
ANGO,264157000.0
ANIK,130457000.0
ANIP,208475000.0
ANNX,0.0
ANSS,1681297000.0
ANTM,121868000000.0
AON,11066000000.0
AOS,2895300000.0
AOSL,464909000.0
AOUT,167379000.0
APA,4393000000.0
APAM,899567000.0
APD,8856300000.0
APEI,321785000.0
APG,3587000000.0
APH,8598900000.0
APLE,601879000.0
APLS,250646000.0
APLT,0.0
APO,2220780000.0
APOG,1230774000.0
APPF,310056000.0
APPN,304573000.0
APPS,138715000.0
APR,1108717000.0
APRE,0.0
APT,102700000.0
APTS,501883000.0
APTV,13066000000.0
APYX,27711000.0
AQUA,1429456000.0
AR,3397274000.0
ARAY,382928000.0
ARCH,1436692000.0
ARCT,9539000.0
ARD,6731000000.0
ARDX,7571000.0
ARE,1901429000.0
ARES,1764046000.0
ARGO,1893900000.0
ARI,113831000.0
ARLO,357154000.0
ARMK,12829559000.0
ARNA,319000.0
ARNC,5675000000.0
AROC,874970000.0
AROW,122541000.0
ARQT,0.0
ARR,-184521000.0
ARRY,872662000.0
ARTNA,88141000.0
ARVN,21801777.0
ARW,28673363000.0
ARWR,87992066.0
ASB,1120712000.0
ASC,220057606.0
ASGN,3950600000.0
ASH,2326000000.0
ASMB,79105000.0
ASO,5689233000.0
ASPN,100273000.0
ASPS,365547000.0
ASPU,49061080.0
ASTE,1024400000.0
ASUR,65507000.0
ATEC,144861000.0
ATEN,225527000.0
ATEX,1564000.0
ATGE,1052001000.0
ATH,14764000000.0
ATHA,0.0
ATHX,1440000.0
ATI,2982100000.0
ATKR,1765421000.0
ATLO,59143467.0
ATNI,455444000.0
ATNX,144391000.0
ATO,2821137000.0
ATOM,62000.0
ATR,2929340000.0
ATRA,0.0
ATRC,206531000.0
ATRI,147591000.0
ATRO,502587000.0
ATRS,149599000.0
ATSG,1570575000.0
ATUS,9894642000.0
ATVI,8086000000.0
AUB,599643000.0
AUD,1060898000.0
AVA,1321891000.0
AVAV,367296000.0
AVB,2302526000.0
AVD,458704000.0
AVGO,23888000000.0
AVID,360466000.0
AVIR,48633000.0
AVLR,500569000.0
AVNS,714800000.0
AVNT,3242100000.0
AVRO,0.0
AVT,17634333000.0
AVTR,6393600000.0
AVXL,0.0
AVY,6971500000.0
AVYA,2873000000.0
AWH,4651000.0
AWI,936900000.0
AWK,3777000000.0
AWR,488243000.0
AX,538398000.0
AXDX,11165000.0
AXGN,112300000.0
AXL,4710800000.0
AXNX,111535000.0
AXON,681003000.0
AXP,31357000000.0
AXS,4851954000.0
AXSM,0.0
AXTA,3737600000.0
AXTI,95361000.0
AYI,3326300000.0
AYX,495308000.0
AZEK,899259000.0
AZO,12631967000.0
AZPN,598717000.0
AZZ,838917000.0
B,1124391000.0
BA,58158000000.0
BAC,74208000000.0
BAH,7463841000.0
BALY,372792000.0
BANC,213758000.0
BAND,343113000.0
BANF,381242000.0
BANR,512042000.0
BATRA,178000000.0
BATRK,178000000.0
BAX,11673000000.0
BBBY,9233028000.0
BBIO,8249000.0
BBSI,880824000.0
BBY,47262000000.0
BC,4347500000.0
BCAB,429000.0
BCBP,83459000.0
BCC,5474838000.0
BCEI,218090000.0
BCEL,0.0
BCLI,0.0
BCML,76748000.0
BCO,3690900000.0
BCOR,754952000.0
BCOV,197353000.0
BCPC,703644000.0
BCRX,17812000.0
BDC,1862716000.0
BDN,516312000.0
BDSI,156471000.0
BDTX,0.0
BDX,17117000000.0
BE,794247000.0
BEAM,24000.0
BECN,6943900000.0
BELFB,465771000.0
BEN,5566500000.0
BEPC,3186000000.0
BERY,11709000000.0
BFAM,1515093000.0
BFC,103230000.0
BFIN,51198000.0
BFS,225207000.0
BFST,137775000.0
BG,41404000000.0
BGCP,1980113000.0
BGS,1967909000.0
BGSF,277890880.0
BH,433683000.0
BHB,136543000.0
BHE,2053131000.0
BHF,8498000000.0
BHLB,307211000.0
BHVN,63627000.0
BIG,6199186000.0
BIGC,152368000.0
BIIB,13444600000.0
BILL,157600000.0
BIO,2545626000.0
BIPC,1430000000.0
BJ,15430017000.0
BJRI,778510000.0
BK,15472000000.0
BKD,3023257000.0
BKE,901278000.0
BKH,1696941000.0
BKI,1238500000.0
BKNG,6796000000.0
BKR,20705000000.0
BKU,706548000.0
BL,351737000.0
BLBD,879221000.0
BLD,2718038000.0
BLDR,8558874000.0
BLFS,48087000.0
BLI,64303000.0
BLK,16205000000.0
BLKB,913219000.0
BLL,11781000000.0
BLMN,3170561000.0
BLUE,250734000.0
BLX,100592000.0
BMI,425544000.0
BMRC,100615000.0
BMRN,1860455000.0
BMTC,184081000.0
BMY,42518000000.0
BNFT,268141000.0
BNL,321637000.0
BOCH,54257000.0
BOH,563153000.0
BOKF,1729801000.0
BOLT,231000.0
BOMN,45743463.0
BOOM,229161000.0
BOOT,845575000.0
BOX,770770000.0
BPFH,295312000.0
BPMC,793735000.0
BPOP,2076389000.0
BPRN,48431000.0
BPYU,1367373000.0
BR,4529000000.0
BRBR,988300000.0
BRC,1081299000.0
BRG,231098000.0
BRKL,222921000.0
BRKR,1987500000.0
BRKS,897273000.0
BRMK,121128000.0
BRO,2610564000.0
BRP,240919000.0
BRT,22078000.0
BRX,1053266000.0
BRY,406052000.0
BSGM,0.0
BSIG,713900000.0
BSRR,122435000.0
BSX,9913000000.0
BTAI,0.0
BTU,2881100000.0
BURL,5754727000.0
BUSE,363051000.0
BV,2346000000.0
BVH,455166000.0
BWA,10165000000.0
BWB,80315000.0
BWFG,50114000.0
BWXT,2123516000.0
BXMT,264524000.0
BXP,2737804000.0
BXS,941471000.0
BY,221089000.0
BYD,2178490000.0
BYND,406785000.0
BYSI,180000.0
BZH,2127077000.0
C,58369000000.0
CABO,1325229000.0
CAC,174404000.0
CACC,920400000.0
CACI,5720042000.0
CADE,648811000.0
CAG,11054400000.0
CAH,152922000000.0
CAI,294013000.0
CAKE,1983225000.0
CAL,2117070000.0
CALA,0.0
CALM,1351609000.0
CALX,541239000.0
CAMP,308587000.0
CAR,5402000000.0
CARA,135082000.0
CARE,112502000.0
CARG,551451000.0
CARR,17456000000.0
CARS,547503000.0
CASA,393246000.0
CASH,434056000.0
CASI,15141000.0
CASS,148128000.0
CASY,8112296000.0
CAT,41748000000.0
CATC,141448000.0
CATM,1093999000.0
CATO,575111000.0
CATY,537430000.0
CB,36052000000.0
CBAY,0.0
CBB,1559800000.0
CBOE,3427100000.0
CBRE,23826195000.0
CBRL,2522792000.0
CBSH,1209556000.0
CBT,2614000000.0
CBTX,121264000.0
CBU,582189000.0
CBZ,963897000.0
CC,4969000000.0
CCBG,202846000.0
CCCC,33195000.0
CCF,261162000.0
CCI,5840000000.0
CCK,11575000000.0
CCL,5594000000.0
CCMP,1116270000.0
CCNE,147416000.0
CCOI,553003000.0
CCRN,836417000.0
CCS,3161192000.0
CCXI,64891000.0
CDAY,842500000.0
CDK,1960100000.0
CDLX,186892000.0
CDMO,59702000.0
CDNA,192194000.0
CDNS,2682891000.0
CDW,18467500000.0
CDXC,59257000.0
CDXS,69056000.0
CDZI,541000.0
CE,5655000000.0
CECE,316011000.0
CEIX,891494000.0
CELH,130725777.0
CENT,2695509000.0
CENTA,2695509000.0
CENX,1605100000.0
CERN,5505788000.0
CERS,74649000.0
CERT,243530000.0
CEVA,100326000.0
CF,4124000000.0
CFB,115282000.0
CFFI,127869000.0
CFFN,186634000.0
CFG,5289000000.0
CFR,1200225000.0
CFX,3070769000.0
CGEM,0.0
CGNT,443458000.0
CGNX,811020000.0
CHCO,226602000.0
CHCT,75684000.0
CHD,4895800000.0
CHDN,1054000000.0
CHE,2079583000.0
CHGG,644338000.0
CHH,774072000.0
CHMA,1106000.0
CHMG,79804000.0
CHMI,-34684000.0
CHNG,196792000.0
CHRS,475824000.0
CHRW,16207106000.0
CHS,1324051000.0
CHTR,48097000000.0
CHUY,320952000.0
CHX,1899996000.0
CI,160550000000.0
CIA,238856000.0
CIEN,3532157000.0
CIM,730085000.0
CINF,7536000000.0
CIO,160840000.0
CIR,773271000.0
CIT,1616800000.0
CIVB,107797000.0
CIX,114537000.0
CL,16471000000.0
CLAR,224007000.0
CLBK,234396000.0
CLDR,869258000.0
CLDT,132451000.0
CLF,5354000000.0
CLFD,93074514.0
CLGX,1642375000.0
CLH,3144097000.0
CLI,310311000.0
CLNC,290834000.0
CLNE,291724000.0
CLNY,1261073000.0
CLPR,122850000.0
CLR,2408410000.0
CLVS,164522000.0
CLW,1868600000.0
CLX,6721000000.0
CLXT,23851000.0
CMA,2375000000.0
CMBM,278459000.0
CMC,5476486000.0
CMCO,809162000.0
CMCSA,103564000000.0
CMCT,77208000.0
CMD,1016048000.0
CME,4870300000.0
CMG,5984634000.0
CMI,19811000000.0
CMO,-45665000.0
CMP,1373500000.0
CMPR,2481358000.0
CMRE,460319000.0
CMRX,5372000.0
CMS,6680000000.0
CMTL,616715000.0
CNA,10808000000.0
CNBKA,120104000.0
CNC,104176000000.0
CNCE,7902000.0
CNDT,4163000000.0
CNK,686310000.0
CNMD,862459000.0
CNNE,585700000.0
CNO,3821100000.0
CNOB,211391000.0
CNP,7418000000.0
CNR,4617369000.0
CNS,427536000.0
CNSL,1304028000.0
CNST,0.0
CNTY,304268000.0
CNX,1085684000.0
CNXC,4719534000.0
CNXN,2590290000.0
CODX,74552758.0
COF,18259000000.0
COFS,69769000.0
COG,1405220000.0
COHR,1228999000.0
COHU,636007000.0
COKE,5007357000.0
COLB,526911000.0
COLD,1987727000.0
COLL,310016000.0
COLM,2501554000.0
COMM,8435900000.0
CONE,1033500000.0
CONN,1386025000.0
COO,2430900000.0
COOP,2733000000.0
COP,19216000000.0
COR,606824000.0
CORE,13617100000.0
CORR,41443891.0
CORT,353874000.0
COST,166761000000.0
COTY,4717800000.0
COUP,541643000.0
COWN,1432467000.0
CPA,801003000.0
CPB,8691000000.0
CPF,203212000.0
CPK,488198000.0
CPLG,411000000.0
CPRI,5551000000.0
CPRT,2205583000.0
CPRX,119072803.0
CPS,2375439000.0
CPSI,264488000.0
CPT,1065638000.0
CR,2936900000.0
CRAI,508373000.0
CRBP,3937230.0
CREE,903900000.0
CRI,3024334000.0
CRM,21252000000.0
CRMD,239231.0
CRMT,918610000.0
CRNC,329646000.0
CRNX,71000.0
CROX,1385951000.0
CRS,2181100000.0
CRSR,1702367000.0
CRTX,0.0
CRUS,1281124000.0
CRVL,592225000.0
CRWD,874438000.0
CRY,253227000.0
CSCO,49301000000.0
CSGP,1659019000.0
CSGS,990533000.0
CSII,236545000.0
CSL,4245200000.0
CSOD,740916000.0
CSR,177994000.0
CSTE,486412000.0
CSTL,62649000.0
CSTR,107854000.0
CSV,329448000.0
CSWI,419205000.0
CSX,10583000000.0
CTAS,7085120000.0
CTB,2521074000.0
CTBI,185745000.0
CTLT,3094300000.0
CTMX,100362000.0
CTO,56381000.0
CTRE,178332000.0
CTRN,783294000.0
CTS,424066000.0
CTSH,16652000000.0
CTSO,41004601.0
CTT,104564000.0
CTVA,14217000000.0
CTXS,3236700000.0
CUBE,679355000.0
CUBI,442648000.0
CUE,3154325.0
CURO,847396000.0
CUTR,147683000.0
CUZ,748435000.0
CVA,1904000000.0
CVBF,439623000.0
CVCO,1061774000.0
CVCY,73778000.0
CVET,4339000000.0
CVGW,1059371000.0
CVI,3930000000.0
CVLG,838561000.0
CVLT,670885000.0
CVLY,61677000.0
CVM,558664.0
CVNA,5586565000.0
CVS,267908000000.0
CVX,94471000000.0
CW,2391336000.0
CWCO,72628126.0
CWEN,1199000000.0
CWH,5446591000.0
CWK,7843700000.0
CWST,774584000.0
CWT,794307000.0
CXP,300566000.0
CXW,1905485000.0
CYBE,70117000.0
CYCN,2296000.0
CYH,11789000000.0
CYRX,78696000.0
CYTK,55828000.0
CZNC,87886000.0
CZR,3466000000.0
D,14172000000.0
DAKT,608932000.0
DAL,17095000000.0
DAN,7106000000.0
DAR,3571923000.0
DBD,3902300000.0
DBI,2234719000.0
DBX,1913900000.0
DCI,2581800000.0
DCO,628941000.0
DCOM,142249000.0
DCPH,42087000.0
DCT,211672000.0
DD,20397000000.0
DDD,557240000.0
DDOG,603466000.0
DDS,4433185000.0
DE,35514000000.0
DEA,245078000.0
DECK,2132689000.0
DEI,888053000.0
DELL,94224000000.0
DENN,288605000.0
DFIN,894500000.0
DFS,5954000000.0
DG,33746839000.0
DGICA,777819910.0
DGII,279271000.0
DGX,9437000000.0
DHC,1632026000.0
DHI,20311100000.0
DHIL,126387718.0
DHR,22284000000.0
DHT,691039000.0
DHX,136878000.0
DIN,689268000.0
DIOD,1229215000.0
DIS,65388000000.0
DISCA,10671000000.0
DISCK,10671000000.0
DISH,15493435000.0
DJCO,49942000.0
DK,7301800000.0
DKS,9584019000.0
DLB,1161792000.0
DLR,3845980000.0
DLTH,638783000.0
DLTR,25509300000.0
DLX,1790781000.0
DMRC,23990000.0
DMTK,5885000.0
DNB,1738100000.0
DNLI,335659000.0
DNOW,1619000000.0
DOC,436248000.0
DOCU,1453047000.0
DOMO,210180000.0
DOOR,2257075000.0
DORM,1092748000.0
DOV,6683760000.0
DOW,38542000000.0
DOX,4169039000.0
DPZ,4117411000.0
DRE,1004320000.0
DRH,299488000.0
DRI,7806900000.0
DRNA,164307000.0
DRQ,364973000.0
DRRX,30111000.0
DRVN,904200000.0
DSKE,1454100000.0
DSP,165251000.0
DSPG,114480000.0
DSSI,595910000.0
DT,545803000.0
DTE,12177000000.0
DTIL,24285000.0
DUK,23453000000.0
DVA,11550604000.0
DVAX,46551000.0
DVN,4503000000.0
DX,199667000.0
DXC,19577000000.0
DXCM,1926700000.0
DXPE,1005266000.0
DY,3199165000.0
DYN,0.0
DZSI,300640000.0
EA,5537000000.0
EAF,1224361000.0
EAR,69154000.0
EAT,3078500000.0
EB,106006000.0
EBAY,10271000000.0
EBC,530045000.0
EBF,357973000.0
EBIX,625609000.0
EBS,1555400000.0
EBSB,183543000.0
EBTC,134882000.0
ECHO,2511515000.0
ECL,11790200000.0
ECOL,933854000.0
ECOM,145072000.0
ECPG,1501400000.0
ED,12246000000.0
EDIT,90732000.0
EEFT,2482700000.0
EEX,127400000.0
EFC,43326000.0
EFSC,259106000.0
EFX,4127500000.0
EGAN,72729000.0
EGBN,320307000.0
EGHT,446237000.0
EGLE,275133547.0
EGP,363023000.0
EGRX,187802000.0
EHC,4644400000.0
EHTH,582774000.0
EIG,711400000.0
EIGR,0.0
EIX,13578000000.0
EL,14294000000.0
ELAN,3273300000.0
ELF,282851000.0
ELOX,0.0
ELS,1096847000.0
ELY,1589460000.0
EME,8797061000.0
EML,240403114.0
EMN,8473000000.0
EMR,16785000000.0
ENDP,2903074000.0
ENPH,774425000.0
ENR,2744800000.0
ENS,3087868000.0
ENSG,2402596000.0
ENTA,122473000.0
ENTG,1859313000.0
ENV,998230000.0
ENVA,597502000.0
ENZ,76021000.0
EOG,9934194000.0
EOLS,56540000.0
EPAC,493292000.0
EPAM,2659478000.0
EPAY,442221000.0
EPC,1949700000.0
EPM,29599296.0
EPR,408260000.0
EPRT,164009000.0
EPZM,15762000.0
EQBK,132268000.0
EQC,66278000.0
EQH,9592000000.0
EQIX,5963108000.0
EQR,2571705000.0
EQT,2612253000.0
ERIE,2536489000.0
ERII,118986000.0
ES,8904430000.0
ESCA,273649000.0
ESE,732915000.0
ESGC,434261000.0
ESGR,2660506000.0
ESI,1853700000.0
ESNT,955154000.0
ESPR,227547000.0
ESQ,45837000.0
ESRT,599812000.0
ESS,1556922000.0
ESSA,58187000.0
ESTC,427620000.0
ESTE,144523000.0
ESXB,52994000.0
ETH,589837000.0
ETN,17858000000.0
ETNB,0.0
ETR,10113636000.0
ETRN,1510825000.0
ETSY,1725625000.0
EVBG,271141000.0
EVBN,70811000.0
EVC,344026000.0
EVER,346935000.0
EVFM,446000.0
EVH,1022433000.0
EVI,235802000.0
EVLO,0.0
EVOP,439101000.0
EVR,2294711000.0
EVRG,4913400000.0
EVRI,383674000.0
EVTC,510588000.0
EW,4386300000.0
EWBC,1332005000.0
EXAS,1491391000.0
EXC,33039000000.0
EXEL,987538000.0
EXLS,958434000.0
EXP,1450814000.0
EXPD,10116481000.0
EXPE,5199000000.0
EXPI,1798285000.0
EXPO,378412000.0
EXPR,1208374000.0
EXR,1378573000.0
EXTR,948019000.0
EYE,1711760000.0
EZPW,822811000.0
F,127144000000.0
FAF,7086667000.0
FANG,2671000000.0
FARM,501320000.0
FARO,303768000.0
FAST,5647300000.0
FATE,31434000.0
FB,85965000000.0
FBC,1861000000.0
FBHS,6090300000.0
FBIO,45599000.0
FBIZ,84808000.0
FBK,459546000.0
FBMS,161574000.0
FBNC,264483000.0
FBP,535770000.0
FC,198456000.0
FCAP,34884000.0
FCBC,125737000.0
FCBP,87443000.0
FCCY,66448000.0
FCEL,70871000.0
FCF,305349000.0
FCFS,1631284000.0
FCN,2461275000.0
FCNCA,1810710000.0
FCPT,170944000.0
FCX,14198000000.0
FDBC,53745000.0
FDMT,13612000.0
FDP,4202300000.0
FDS,1494111000.0
FDX,69217000000.0
FE,10607000000.0
FELE,1247331000.0
FEYE,940584000.0
FF,204505000.0
FFBC,575075000.0
FFIC,183113000.0
FFIN,470303000.0
FFIV,2350822000.0
FFWM,244545000.0
FGBI,83570000.0
FGEN,176319000.0
FHB,611396000.0
FHI,1448268000.0
FHN,2265000000.0
FI,390358000.0
FIBK,606700000.0
FIS,12552000000.0
FISI,154977000.0
FISV,14852000000.0
FITB,6552000000.0
FIVE,1962137000.0
FIVN,434908000.0
FIX,2856659000.0
FIXX,2702000.0
FIZZ,1000394000.0
FL,7548000000.0
FLDM,138144000.0
FLGT,421712000.0
FLIC,113108000.0
FLMN,40081000.0
FLNT,310719000.0
FLO,4387991000.0
FLOW,1350600000.0
FLR,15668477000.0
FLS,3728134000.0
FLT,2388855000.0
FLWS,1489637000.0
FLXN,85552000.0
FMAO,69152000.0
FMBH,170829000.0
FMBI,621687000.0
FMC,4642100000.0
FMNB,124246000.0
FMTX,0.0
FN,1641836000.0
FNB,1120310000.0
FND,2425788000.0
FNF,10815000000.0
FNHC,431863000.0
FNKO,652537000.0
FNLC,71902000.0
FNWB,54758000.0
FOCS,1361319000.0
FOE,958954000.0
FOLD,260886000.0
FOR,931800000.0
FORM,693616000.0
FORR,448984000.0
FOSL,1613343000.0
FOX,12303000000.0
FOXA,12303000000.0
FOXF,890554000.0
FPI,50689000.0
FR,445401000.0
FRAF,52420000.0
FRBA,66366000.0
FRBK,123867000.0
FRC,3759694000.0
FREQ,36984000.0
FRG,2152504000.0
FRGI,554803000.0
FRME,433380000.0
FRO,1221187000.0
FROG,150827000.0
FRPH,17893000.0
FRPT,318790000.0
FRST,97641000.0
FRT,827432000.0
FRTA,1594506000.0
FSBW,116443000.0
FSLR,2711332000.0
FSLY,290874000.0
FSP,245848000.0
FSS,1130800000.0
FSTR,497411000.0
FTDR,1474000000.0
FTNT,2594400000.0
FTV,4634400000.0
FUL,2790269000.0
FULC,8823000.0
FULT,791176000.0
FVCB,50495000.0
FWONA,1145000000.0
FWONK,1145000000.0
FWRD,1269573000.0
G,3709377000.0
GABC,192167000.0
GAIA,66827000.0
GALT,0.0
GATO,0.0
GATX,1209200000.0
GBCI,727958000.0
GBIO,0.0
GBL,259726000.0
GBT,123803000.0
GBX,2792189000.0
GCBC,49578000.0
GCI,3405670000.0
GCO,1786530000.0
GCP,903200000.0
GD,37925000000.0
GDDY,3316700000.0
GDEN,694155000.0
GDOT,1258072000.0
GDP,91926000.0
GDYN,111283000.0
GE,79619000000.0
GEF,4515000000.0
GENC,77420000.0
GEO,2350098000.0
GERN,253000.0
GES,1876529000.0
GFF,2407522000.0
GGG,1650115000.0
GH,286730000.0
GHC,2889121000.0
GHL,296191000.0
GHM,90604000.0
GIII,2055146000.0
GILD,24689000000.0
GIS,17626600000.0
GKOS,224959000.0
GL,4737921000.0
GLDD,733601000.0
GLNG,438637000.0
GLOB,814139000.0
GLPI,1153165000.0
GLRE,487587000.0
GLT,916498000.0
GLW,11303000000.0
GLYC,10162935.0
GM,122485000000.0
GME,5089800000.0
GMED,789042000.0
GMRE,93730000.0
GMS,3241307000.0
GNK,355560000.0
GNL,330104000.0
GNRC,2485200000.0
GNSS,43010000.0
GNTX,1688189405.0
GNTY,99819000.0
GNW,8658000000.0
GO,3134640000.0
GOCO,877350000.0
GOGO,269718000.0
GOLF,1612169000.0
GOOD,133152000.0
GOOG,182527000000.0
GOOGL,182527000000.0
GORO,90692000.0
GOSS,0.0
GPC,16537433000.0
GPI,10851800000.0
GPK,6559900000.0
GPMT,72185000.0
GPN,7423558000.0
GPRE,1923719000.0
GPRO,891925000.0
GPS,13800000000.0
GPX,473107000.0
GRA,1729800000.0
GRBK,976021000.0
GRC,348967000.0
GRMN,4186573000.0
GRPN,1416868000.0
GRTS,4037000.0
GRUB,1819982000.0
GRWG,193365479.0
GS,41462000000.0
GSBC,196237000.0
GSHD,116201000.0
GSKY,525649000.0
GT,12321000000.0
GTES,2793000000.0
GTHX,45285000.0
GTLS,1177100000.0
GTN,2381000000.0
GTS,3702438000.0
GTT,1727800000.0
GTY,147346000.0
GTYH,48128000.0
GVA,3562459000.0
GWB,301050000.0
GWRE,742307000.0
GWRS,38627000.0
GWW,11797000000.0
H,780000000.0
HA,844813000.0
HAE,870463000.0
HAFC,177548000.0
HAIN,2053903000.0
HAL,14445000000.0
HALO,267594000.0
HARP,17444000.0
HAS,5465443000.0
HASI,84629000.0
HAYN,380530000.0
HBAN,3763000000.0
HBB,603713000.0
HBCP,93788000.0
HBI,6664350000.0
HBIO,102100000.0
HBMD,76116000.0
HBNC,213999000.0
HBT,141529000.0
HCA,51533000000.0
HCAT,188845000.0
HCC,782738000.0
HCCI,405951000.0
HCI,273468000.0
HCKT,234810000.0
HCSG,1760303000.0
HD,132110000000.0
HE,2579775000.0
HEAR,360093000.0
HEES,1169120000.0
HEI,1787009000.0
HELE,2098799000.0
HES,4543000000.0
HFC,11183643000.0
HFFG,566831075.0
HFWA,199569000.0
HGV,757000000.0
HHC,699489000.0
HI,2517000000.0
HIBB,1419657000.0
HIFS,92108000.0
HIG,20494000000.0
HII,9361000000.0
HIW,740905000.0
HL,691873000.0
HLF,5541800000.0
HLI,1158487000.0
HLIO,523040000.0
HLIT,378831000.0
HLNE,274048000.0
HLT,1600000000.0
HMHC,1031292000.0
HMN,1310441000.0
HMST,337557000.0
HMTV,151184000.0
HNGR,1001150000.0
HNI,1955363000.0
HOFT,540081000.0
HOG,4054377000.0
HOLX,3776400000.0
HOMB,582077000.0
HOME,1737063000.0
HON,32637000000.0
HONE,224397000.0
HOPE,425930000.0
HP,1773927000.0
HPE,26982000000.0
HPP,805701000.0
HPQ,56639000000.0
HQY,733570000.0
HR,498862000.0
HRB,2639720000.0
HRC,2881000000.0
HRI,1781300000.0
HRL,9608462000.0
HRTG,593385000.0
HRTX,88638000.0
HSC,1863864000.0
HSIC,10119141000.0
HSII,621615000.0
HSKA,197323000.0
HST,1590000000.0
HSTM,244826000.0
HSY,8149719000.0
HT,173722000.0
HTA,740577000.0
HTBI,125936000.0
HTBK,138579000.0
HTH,2018155000.0
HTLD,645262000.0
HTLF,535198000.0
HUBB,4186000000.0
HUBG,3495644000.0
HUBS,883026000.0
HUM,77155000000.0
HUN,6018000000.0
HURC,170627000.0
HURN,844127000.0
HVT,748252000.0
HWC,660204000.0
HWKN,540198000.0
HWM,5259000000.0
HXL,1502400000.0
HY,2812100000.0
HYFM,342205000.0
HZNP,2200429000.0
HZO,1509713000.0
IAA,1384900000.0
IAC,3047681000.0
IART,1371868000.0
IBCP,191894000.0
IBIO,1638000.0
IBKR,2237000000.0
IBM,73621000000.0
IBOC,493089000.0
IBP,1653225000.0
IBRX,1695000.0
IBTX,558516000.0
ICAD,29698000.0
ICE,6036000000.0
ICFI,1506875000.0
ICHR,914236000.0
ICPT,312690000.0
ICUI,1271004000.0
IDA,1350729000.0
IDCC,358991000.0
IDT,1345769000.0
IDXX,2706655000.0
IDYA,19538000.0
IESC,1190856000.0
IEX,2351646000.0
IFF,5084239000.0
IGMS,0.0
IGT,3115456000.0
IHC,438065000.0
IHRT,2948218000.0
III,265763000.0
IIIN,472618000.0
IIIV,150134000.0
IIN,102773000.0
IIPR,116896000.0
IIVI,2380071000.0
ILMN,3239000000.0
ILPT,254575000.0
IMAX,137003000.0
IMGN,132299000.0
IMKTA,4610609025.0
IMMR,30456000.0
IMVT,0.0
IMXI,310446000.0
INBK,91984000.0
INBX,12888000.0
INCY,2666702000.0
INDB,425635000.0
INDT,37388000.0
INFN,1355596000.0
INFO,4287800000.0
INFU,96597000.0
INGN,308487000.0
INGR,5987000000.0
INN,234463000.0
INO,7411220.0
INOV,667524000.0
INS,35873000.0
INSG,313832000.0
INSM,164413000.0
INSP,115381000.0
INSW,421648000.0
INT,20358300000.0
INTC,77867000000.0
INTU,7679000000.0
INVA,336794000.0
INVH,1822828000.0
INZY,0.0
IONS,729264000.0
IOSP,1193100000.0
IOVA,0.0
IP,20580000000.0
IPAR,539009000.0
IPG,8064500000.0
IPGP,1200724000.0
IPI,150388000.0
IQV,11359000000.0
IR,4910200000.0
IRBT,1430390000.0
IRDM,583439000.0
IRM,4147270000.0
IRT,211906000.0
IRTC,265166000.0
IRWD,389523000.0
ISBC,746046000.0
ISEE,0.0
ISRG,4358400000.0
ISTR,74470000.0
IT,4099403000.0
ITCI,22812979.0
ITGR,1073442000.0
ITI,114117000.0
ITIC,236382000.0
ITOS,0.0
ITRI,2173350000.0
ITT,2477800000.0
ITW,12574000000.0
IVC,850689000.0
IVR,-1647096000.0
IVZ,6145600000.0
J,13566975000.0
JACK,1021506000.0
JAMF,269451000.0
JAZZ,2363567000.0
JBGS,591087000.0
JBHT,9636573000.0
JBL,27266438000.0
JBLU,2957000000.0
JBSS,880092000.0
JBT,1727800000.0
JCI,22317000000.0
JEF,6955930000.0
JELD,4235677000.0
JJSF,1022038000.0
JKHY,1697067000.0
JLL,8900100000.0
JNCE,62339000.0
JNJ,82584000000.0
JNPR,4445100000.0
JOE,160555000.0
JOUT,594209000.0
JPM,102063000000.0
JRVR,668689000.0
JWN,10715000000.0
JYNT,58682976.0
K,13770000000.0
KAI,635028000.0
KALA,6362000.0
KALU,1172700000.0
KALV,12690000.0
KAMN,784459000.0
KAR,2187700000.0
KBAL,727859000.0
KBH,4183174000.0
KBR,5767000000.0
KDMN,8288000.0
KDNY,827000.0
KDP,11618000000.0
KE,1200550000.0
KELYA,4516000000.0
KEX,2171408000.0
KEY,5665000000.0
KEYS,4221000000.0
KFRC,1397700000.0
KFY,1932732000.0
KHC,26185000000.0
KIDS,71078000.0
KIM,1057893000.0
KIN,3464000.0
KKR,8510305000.0
KLAC,5806424000.0
KMB,19140000000.0
KMI,11700000000.0
KMPR,5111100000.0
KMT,1885305000.0
KMX,20092149000.0
KN,764300000.0
KNL,1236400000.0
KNSA,0.0
KNSL,459886000.0
KNTE,0.0
KNX,4673863000.0
KO,33014000000.0
KOD,0.0
KOP,1669100000.0
KOS,804035000.0
KPTI,108085000.0
KR,132498000000.0
KRA,1563150000.0
KRC,898397000.0
KREF,92813000.0
KRG,266645000.0
KRNY,164876000.0
KRO,1638800000.0
KRON,0.0
KROS,0.0
KRTX,0.0
KRYS,0.0
KSS,15955000000.0
KSU,2632600000.0
KTB,2097839000.0
KTOS,747700000.0
KURA,0.0
KVHI,158733000.0
KW,497000000.0
KWR,1417677000.0
KYMR,34034000.0
KZR,0.0
L,12549000000.0
LAD,13124300000.0
LADR,111805000.0
LAMR,1568856000.0
LANC,1334388000.0
LAND,57027000.0
LASR,222789000.0
LAUR,1024917000.0
LAWS,351591000.0
LAZ,2566859000.0
LB,11847000000.0
LBAI,207575000.0
LBC,130593000.0
LBRDA,50706000.0
LBRDK,50706000.0
LBRT,965787000.0
LC,450059000.0
LCI,545744000.0
LCII,2796166000.0
LCNB,69998000.0
LCUT,769169000.0
LDL,764041000.0
LDOS,12297000000.0
LE,1427448000.0
LEA,17045500000.0
LECO,2655400000.0
LEG,4280200000.0
LEN,22488854000.0
LESL,1112229000.0
LEVL,84598000.0
LFUS,1445695000.0
LFVN,232915000.0
LGIH,2367929000.0
LGND,186419000.0
LH,13978500000.0
LHCG,2063204000.0
LHX,18194000000.0
LII,3634100000.0
LILA,3764600000.0
LILAK,3764600000.0
LIN,27243000000.0
LIND,82356000.0
LITE,1678600000.0
LIVN,934241000.0
LIVX,38659000.0
LJPC,33419000.0
LKFN,195081000.0
LKQ,11628830000.0
LL,1097702000.0
LLNW,230194000.0
LLY,24539800000.0
LMAT,129366000.0
LMND,94400000.0
LMNR,164559000.0
LMNX,417396000.0
LMT,65398000000.0
LNC,17439000000.0
LNDC,590366000.0
LNG,9293000000.0
LNN,474692000.0
LNSR,26382000.0
LNT,3416000000.0
LNTH,339410000.0
LOB,240059000.0
LOCO,426087000.0
LOPE,844096000.0
LORL,0.0
LOVE,320737750.0
LOW,89597000000.0
LPG,332190353.0
LPLA,5871640000.0
LPSN,366620000.0
LPX,2788000000.0
LQDA,739628.0
LQDT,205940000.0
LRCX,10044736000.0
LRN,1040765000.0
LSCC,408120000.0
LSI,621609000.0
LSTR,4136380000.0
LSXMA,8040000000.0
LSXMK,8040000000.0
LTC,157922000.0
LTHM,288200000.0
LTRPA,604000000.0
LULU,4401879000.0
LUMN,20712000000.0
LUNA,82681000.0
LUNG,32733000.0
LUV,9048000000.0
LVS,3612000000.0
LW,3792400000.0
LXFR,324800000.0
LXP,330448000.0
LXRX,23995000.0
LYB,27753000000.0
LYFT,2364681000.0
LYTS,305558000.0
LYV,1861178000.0
LZB,1703982000.0
M,18097000000.0
MA,15301000000.0
MAA,1677984000.0
MAC,758982000.0
MAN,18001000000.0
MANH,586372000.0
MANT,2518384000.0
MAR,2119000000.0
MAS,7188000000.0
MASI,1143744000.0
MASS,26894000.0
MAT,4583660000.0
MATW,1498306000.0
MATX,2383300000.0
MAX,584814000.0
MAXN,844836000.0
MAXR,1723000000.0
MBI,360000000.0
MBIN,339781000.0
MBIO,0.0
MBUU,653163000.0
MBWM,153368000.0
MC,943276000.0
MCB,132436000.0
MCBC,82513000.0
MCBS,90505000.0
MCD,19207800000.0
MCF,112920000.0
MCFE,2906000000.0
MCFT,363073000.0
MCHP,5274200000.0
MCK,231051000000.0
MCO,5371000000.0
MCRB,33215000.0
MCRI,184413000.0
MCS,220486000.0
MCY,3784511000.0
MD,1733951000.0
MDB,590380000.0
MDC,3901211000.0
MDGL,0.0
MDLA,477221000.0
MDLZ,26581000000.0
MDP,2857600000.0
MDRX,1502700000.0
MDT,30117000000.0
MDU,5532750000.0
MED,934842000.0
MEDP,925925000.0
MEG,328243000.0
MEI,1023900000.0
MEIP,28913000.0
MESA,545070000.0
MET,67842000000.0
MFA,-495942000.0
MFNC,64005000.0
MG,592571000.0
MGEE,524533000.0
MGLN,4577531000.0
MGM,4917133000.0
MGNI,221628000.0
MGNX,104883000.0
MGPI,395521000.0
MGRC,572554000.0
MGTA,0.0
MGTX,15562985.0
MGY,534506000.0
MHK,9552197000.0
MHO,3046145000.0
MIC,847000000.0
MIDD,2513257000.0
MIME,501399000.0
MITK,101310000.0
MKC,5601300000.0
MKL,9735066000.0
MKSI,2330000000.0
MKTX,689125000.0
MLAB,117687000.0
MLHR,2486600000.0
MLI,2398043000.0
MLM,4432100000.0
MLP,7540000.0
MLR,651286000.0
MMAC,43776000.0
MMC,17224000000.0
MMI,716906000.0
MMM,32184000000.0
MMS,3461537000.0
MMSI,963875000.0
MNKD,65144000.0
MNOV,0.0
MNR,167817000.0
MNRL,91723000.0
MNRO,1256524000.0
MNSB,49818000.0
MNST,4598638000.0
MO,20841000000.0
MOD,1975500000.0
MODN,161056000.0
MODV,1368675000.0
MOFG,163215000.0
MOH,18375000000.0
MORF,44945000.0
MORN,1389500000.0
MOS,8681700000.0
MOV,506397000.0
MPAA,535831000.0
MPB,101916000.0
MPC,69897000000.0
MPW,1269655000.0
MPWR,844452000.0
MPX,239825000.0
MRC,2560000000.0
MRCY,796610000.0
MRK,47994000000.0
MRKR,466785.0
MRLN,63788000.0
MRNA,803395000.0
MRNS,1718000.0
MRO,3122000000.0
MRSN,828000.0
MRTN,874374000.0
MRTX,13398000.0
MRVI,284098000.0
MRVL,2968900000.0
MS,48198000000.0
MSA,1348223000.0
MSBI,226669000.0
MSCI,1695390000.0
MSEX,141592000.0
MSFT,143015000000.0
MSGE,762936000.0
MSGN,685797000.0
MSGS,603319000.0
MSI,7414000000.0
MSM,3192399000.0
MSON,62483651.0
MSP,518785000.0
MSTR,480735000.0
MTB,5154761000.0
MTCH,2391269000.0
MTD,3085177000.0
MTDR,797735000.0
MTEM,18845000.0
MTG,1199146000.0
MTH,4501217000.0
MTN,1963704000.0
MTOR,3044000000.0
MTRN,1176274000.0
MTRX,1100938000.0
MTSI,530037000.0
MTW,1443400000.0
MTX,1594800000.0
MTZ,6320975000.0
MU,21435000000.0
MUR,1751709000.0
MUSA,9504300000.0
MVBF,126444000.0
MWA,964100000.0
MXIM,2191395000.0
MXL,478596000.0
MYE,510369000.0
MYGN,599600000.0
MYRG,2247392000.0
NARI,139670000.0
NAT,354619000.0
NATH,103325000.0
NATI,1286671000.0
NATR,385205000.0
NAV,7503000000.0
NAVI,1533000000.0
NBEV,279471000.0
NBHC,316325000.0
NBIX,1045900000.0
NBN,73671000.0
NBR,2134043000.0
NBTB,410820000.0
NC,128432000.0
NCBS,181664000.0
NCLH,1279908000.0
NCMI,90400000.0
NCNO,204293000.0
NCR,6207000000.0
NDAQ,5627000000.0
NDLS,393655000.0
NDSN,2121100000.0
NEE,17997000000.0
NEM,11497000000.0
NEO,444448000.0
NEOG,418170000.0
NERV,41175600.0
NESR,834146000.0
NET,431059000.0
NETI,163732000.0
NEU,2010931000.0
NEWR,599510000.0
NEX,1202581000.0
NFBK,128538000.0
NFG,1546291000.0
NFLX,24996056000.0
NG,0.0
NGM,87368000.0
NGMS,49202000.0
NGVC,1036842000.0
NGVT,1216100000.0
NHC,977928000.0
NHI,329685000.0
NI,4681700000.0
NKE,37403000000.0
NKSH,44124000.0
NKTR,152915000.0
NKTX,0.0
NL,114537000.0
NLOK,2490000000.0
NLS,552560000.0
NLSN,6290000000.0
NLTX,0.0
NLY,1215931000.0
NMIH,433283000.0
NMRK,1904998000.0
NNBR,427534000.0
NNI,1095626000.0
NNN,660681000.0
NOC,36799000000.0
NODK,306357000.0
NOV,6090000000.0
NOVA,160820000.0
NOVT,590623000.0
NOW,4519484000.0
NP,792600000.0
NPK,352627000.0
NPO,1074000000.0
NPTN,371163000.0
NR,492625000.0
NRC,133277000.0
NRG,9093000000.0
NRIM,131561000.0
NRIX,17820000.0
NRZ,-150388000.0
NSA,432487000.0
NSC,9789000000.0
NSIT,8340579000.0
NSP,4287004000.0
NSSC,101359000.0
NSTG,117316000.0
NTAP,5412000000.0
NTB,494189000.0
NTCT,891820000.0
NTGR,1255202000.0
NTLA,57994000.0
NTNX,1307682000.0
NTRA,391005000.0
NTRS,5975800000.0
NTST,33727000.0
NTUS,415684000.0
NUAN,1478899000.0
NUE,20139658000.0
NUS,2581934000.0
NUVA,1050582000.0
NVAX,475598000.0
NVCR,494366000.0
NVDA,16675000000.0
NVEC,25412163.0
NVEE,659296000.0
NVR,7562791000.0
NVRO,362048000.0
NVST,2282000000.0
NVT,1998600000.0
NVTA,279598000.0
NWBI,440018000.0
NWE,1198670000.0
NWFL,52806000.0
NWL,9385000000.0
NWLI,690542000.0
NWN,773679000.0
NWPX,285907000.0
NWS,9008000000.0
NWSA,9008000000.0
NX,851573000.0
NXGN,540239000.0
NXRT,204800000.0
NXST,4501269000.0
NXTC,22378000.0
NYCB,1098994000.0
NYMT,-205723000.0
NYT,1754639000.0
O,1651625000.0
OBNK,196288000.0
OC,7055000000.0
OCDX,1766200000.0
OCFC,327473000.0
OCUL,17403000.0
OCX,1216000.0
ODC,283227000.0
ODP,9710000000.0
ODT,0.0
OEC,1136383000.0
OFC,611190000.0
OFIX,406562000.0
OFLX,105796000.0
OGE,2122300000.0
OGS,1530268000.0
OHI,892381000.0
OI,6091000000.0
OII,1827889000.0
OIS,638075000.0
OKE,8542242000.0
OKTA,835424000.0
OLED,428867000.0
OLLI,1808821000.0
OLMA,0.0
OLN,5758000000.0
OLP,81926000.0
OM,49935000.0
OMC,13171100000.0
OMCL,892208000.0
OMER,73813000.0
OMF,2587000000.0
OMI,8480177000.0
ON,5255000000.0
ONB,778185000.0
ONEM,380223000.0
ONEW,1022970000.0
ONTF,156941000.0
ONTO,556496000.0
OOMA,168947000.0
OPBK,50174000.0
OPCH,3032610000.0
OPI,587919000.0
OPK,1435413000.0
OPRT,525366000.0
OPRX,43313323.0
OPTN,49117000.0
OPY,1182915000.0
ORA,705342000.0
ORBC,248466000.0
ORC,12672000.0
ORCL,39068000000.0
ORGO,338298000.0
ORI,7166000000.0
ORIC,0.0
ORLY,11604493000.0
ORRF,106533000.0
OSBC,118768000.0
OSG,418692000.0
OSH,882765000.0
OSIS,1166044000.0
OSK,6856800000.0
OSPN,215691000.0
OSTK,2549783000.0
OSUR,171653000.0
OSW,120925000.0
OTIS,12756000000.0
OTRK,82837000.0
OTTR,890107000.0
OUT,1236300000.0
OVBC,46440000.0
OVID,12617221.0
OVLY,47607000.0
OVV,5509000000.0
OXM,748833000.0
OXY,17809000000.0
OYST,0.0
OZK,788985000.0
PACB,78893000.0
PACK,298200000.0
PACW,821618000.0
PAE,2714628000.0
PAG,20443900000.0
PAHC,800354000.0
PANW,3408400000.0
PAR,213786000.0
PARR,3124870000.0
PASG,0.0
PATK,2486597000.0
PAVM,0.0
PAYC,841434000.0
PAYS,24120434.0
PAYX,4040500000.0
PB,1142267000.0
PBCT,1904800000.0
PBF,15115900000.0
PBH,963010000.0
PBI,3554075000.0
PBIP,27880000.0
PBYI,225110000.0
PCAR,18728500000.0
PCB,64710000.0
PCG,18469000000.0
PCH,1040930000.0
PCRX,429647000.0
PCSB,46684000.0
PCTY,561329000.0
PCVX,0.0
PCYO,25855215.0
PD,213556000.0
PDCE,1099588000.0
PDCO,5490011000.0
PDFS,88046000.0
PDLB,52774000.0
PDM,535024000.0
PEAK,1644875000.0
PEB,442888000.0
PEBK,62777000.0
PEBO,175660000.0
PEG,9603000000.0
PEGA,1017517000.0
PEN,560412000.0
PENN,3578700000.0
PEP,70372000000.0
PETQ,780051000.0
PETS,309215000.0
PFBC,154217000.0
PFBI,72654000.0
PFC,252418000.0
PFE,41908000000.0
PFG,14741700000.0
PFGC,25086300000.0
PFIS,89043000.0
PFPT,1050010000.0
PFS,355282000.0
PFSI,5181304000.0
PG,70950000000.0
PGC,156962000.0
PGEN,103178000.0
PGNY,344858000.0
PGR,42638100000.0
PGRE,696244000.0
PGTI,882621000.0
PH,13695520000.0
PHAT,0.0
PHM,11036082000.0
PHR,148677000.0
PI,138923000.0
PII,7108300000.0
PINC,1299592000.0
PING,243589000.0
PINS,1692658000.0
PIPR,1238213000.0
PIRS,29323000.0
PJT,1052500000.0
PK,830000000.0
PKBK,59182000.0
PKE,60014000.0
PKG,6658200000.0
PKI,3782745000.0
PKOH,1295200000.0
PLAB,609691000.0
PLAN,447755000.0
PLAY,436512000.0
PLCE,1522598000.0
PLD,4736105000.0
PLMR,168463000.0
PLNT,363317000.0
PLOW,480154000.0
PLPC,466449000.0
PLRX,41817000.0
PLSE,0.0
PLTK,2371500000.0
PLUG,-100469000.0
PLUS,1588404000.0
PLXS,3390394000.0
PLYM,109832000.0
PM,28694000000.0
PMT,1408288000.0
PMVP,0.0
PNC,13726000000.0
PNFP,947894000.0
PNM,1523012000.0
PNR,3017800000.0
PNTG,390953000.0
PNW,3586982000.0
PODD,904400000.0
POLY,0.0
POOL,3936623000.0
POR,2145000000.0
POST,5698700000.0
POWI,488318000.0
POWL,518499000.0
PPBI,453720000.0
PPC,12091901000.0
PPD,4681474000.0
PPG,13834000000.0
PPL,7607000000.0
PQG,1107363000.0
PRA,874940000.0
PRAA,1065414000.0
PRAH,3183365000.0
PRAX,0.0
PRDO,687314000.0
PRFT,612133000.0
PRG,2484595000.0
PRGO,5063300000.0
PRGS,442150000.0
PRI,2275014000.0
PRK,441240000.0
PRLB,434395000.0
PRLD,0.0
PRMW,1953500000.0
PRO,252424000.0
PROS,816107000.0
PRPL,648471000.0
PRTA,853000.0
PRTK,46924000.0
PRTS,443884000.0
PRU,57091000000.0
PRVB,0.0
PSA,2984265000.0
PSB,415623000.0
PSMT,3329188000.0
PSN,3918946000.0
PSNL,78648000.0
PSTG,1684179000.0
PSTX,0.0
PSX,64171000000.0
PTC,1458415000.0
PTCT,380766000.0
PTEN,1124249000.0
PTGX,28628000.0
PTON,1825900000.0
PTVCB,468749000.0
PTVE,4689000000.0
PUMP,789232000.0
PVAC,261655000.0
PVBC,52418000.0
PVH,7132600000.0
PWOD,57766000.0
PXD,7026000000.0
PYPL,21454000000.0
PZN,138619000.0
PZZA,1813234000.0
QADA,307865000.0
QCOM,23531000000.0
QCRH,224196000.0
QDEL,1661668000.0
QGEN,1870346000.0
QLYS,362963000.0
QMCO,402949000.0
QNST,490339000.0
QRTEA,14177000000.0
QRVO,3239141000.0
QTNT,32656000.0
QTRX,86377000.0
QTS,537324000.0
QTWO,402751000.0
QUAD,2929600000.0
QUOT,445887000.0
R,8420091000.0
RAD,24043240000.0
RAMP,380572000.0
RAPT,5042000.0
RARE,271030000.0
RAVN,348359000.0
RBB,106972000.0
RBBN,843795000.0
RBC,2907000000.0
RBCAA,288090000.0
RBNC,129605000.0
RC,383065000.0
RCII,2814191000.0
RCKT,0.0
RCKY,277309000.0
RCL,2208805000.0
RCM,1270800000.0
RCUS,77517000.0
RDFN,886093000.0
RDN,1438617000.0
RDNT,1098104000.0
RDUS,238645000.0
RE,9605414000.0
REAL,299949000.0
REG,1047931000.0
REGI,2137148000.0
REGN,8310400000.0
REPH,66499000.0
REPL,0.0
RES,598302000.0
RETA,9019000.0
REV,1904300000.0
REVG,2277600000.0
REX,372846000.0
REXR,330135000.0
REYN,3263000000.0
REZI,5071000000.0
RF,4955000000.0
RFL,4910000.0
RGA,14596000000.0
RGCO,63075391.0
RGEN,366260000.0
RGLD,494995000.0
RGNX,154567000.0
RGP,703353000.0
RGR,568868000.0
RGS,669729000.0
RH,2848626000.0
RHI,5109000000.0
RHP,518024000.0
RICK,132327000.0
RIG,3152000000.0
RIGL,108621000.0
RILY,795021000.0
RJF,7757000000.0
RKT,15980705000.0
RL,6159800000.0
RLAY,82654000.0
RLGT,855197000.0
RLGY,6221000000.0
RLJ,472174000.0
RLMD,0.0
RM,363564000.0
RMAX,266001000.0
RMBI,36618233.0
RMBS,246322000.0
RMD,2957013000.0
RMR,171677000.0
RMTI,62197000.0
RNA,6787000.0
RNG,1183657000.0
RNR,5146843000.0
RNST,575479000.0
ROAD,785679000.0
ROCK,1032578000.0
ROG,802583000.0
ROIC,284114000.0
ROK,6329800000.0
ROKU,1778388000.0
ROL,2161220000.0
ROLL,727461000.0
ROP,5527100000.0
ROST,12531565000.0
RPAI,430043000.0
RPAY,155035943.0
RPD,411486000.0
RPM,5506994000.0
RPRX,2122353000.0
RPT,193302000.0
RRBI,85563000.0
RRC,1780986000.0
RRGB,868715000.0
RRR,1182445000.0
RS,8811900000.0
RSG,10153600000.0
RTX,56587000000.0
RUBY,0.0
RUN,922191000.0
RUSHA,4735940000.0
RUSHB,4735940000.0
RUTH,277748000.0
RVI,169808000.0
RVMD,42983000.0
RVNC,15325000.0
RVSB,49707000.0
RWT,-318034000.0
RXN,1910799522.0
RXT,2707100000.0
RYAM,1738899000.0
RYI,3466600000.0
RYN,859154000.0
RYTM,0.0
SABR,1334100000.0
SAFE,158731000.0
SAFM,3564267000.0
SAFT,846248000.0
SAGE,1114200000.0
SAH,9767042000.0
SAIA,1822366000.0
SAIC,7056000000.0
SAIL,365254000.0
SAM,1736432000.0
SAMG,107983000.0
SANA,0.0
SANM,6960370000.0
SASR,380206000.0
SATS,1887907000.0
SAVA,0.0
SAVE,1810022000.0
SB,198158000.0
SBAC,2083138000.0
SBCF,286134000.0
SBGI,5943000000.0
SBH,3514330000.0
SBNY,1346246000.0
SBRA,601115000.0
SBSI,216796000.0
SBT,55236000.0
SBTX,0.0
SBUX,23518000000.0
SC,4418911000.0
SCCO,7984900000.0
SCHL,1487100000.0
SCHN,1712343000.0
SCHW,11691000000.0
SCI,3511509000.0
SCL,1869750000.0
SCOR,356036000.0
SCS,2596200000.0
SCSC,3047734000.0
SCU,897020000.0
SCVL,976765000.0
SCWX,561034000.0
SDGR,108095000.0
SEAC,21999000.0
SEAS,431779000.0
SEB,7126000000.0
SEDG,1459271000.0
SEE,4903200000.0
SEER,656000.0
SEIC,1684058000.0
SELB,16597000.0
SEM,5531713000.0
SENEA,1335769000.0
SF,3718136000.0
SFBS,325373000.0
SFE,0.0
SFIX,1711733000.0
SFL,466427000.0
SFM,6468759000.0
SFNC,812919000.0
SFST,77600000.0
SGA,95813000.0
SGC,526697000.0
SGEN,2175536000.0
SGFY,610600000.0
SGH,1122377000.0
SGMO,118192000.0
SGMS,2724000000.0
SGRY,1860100000.0
SHAK,522867000.0
SHBI,59446000.0
SHC,818158000.0
SHEN,220775000.0
SHLS,175518000.0
SHO,267906000.0
SHOO,1201814000.0
SHW,18361700000.0
SHYF,675973000.0
SI,89874000.0
SIBN,73387000.0
SIEB,54523000.0
SIEN,71241000.0
SIG,5226900000.0
SIGA,124959304.0
SIGI,2922274000.0
SILK,75227000.0
SIRI,8040000000.0
SITC,461442000.0
SITE,2704500000.0
SITM,116156000.0
SIVB,3746904000.0
SIX,356575000.0
SJI,1541383000.0
SJM,7801000000.0
SJW,564526000.0
SKT,394208000.0
SKX,4613431000.0
SKY,1369730000.0
SKYW,2127106000.0
SLAB,886677000.0
SLB,23601000000.0
SLCA,845885000.0
SLCT,52325000.0
SLDB,0.0
SLG,1027549000.0
SLGN,4921943000.0
SLM,1707309000.0
SLP,41589084.0
SLQT,531515000.0
SM,1080482000.0
SMAR,385513000.0
SMBC,88884000.0
SMBK,107609000.0
SMCI,3339281000.0
SMED,51146000.0
SMG,4131600000.0
SMMF,101065000.0
SMP,1128588000.0
SMPL,816641000.0
SMTC,595117000.0
SNA,3942200000.0
SNBR,1856555000.0
SNCR,291670000.0
SNDR,4552800000.0
SNDX,1517000.0
SNEX,54035600000.0
SNPS,3685281000.0
SNR,336281000.0
SNV,1664239000.0
SNX,24675563000.0
SO,20375000000.0
SOI,102976000.0
SON,5237443000.0
SONO,1326328000.0
SP,549000000.0
SPB,3964200000.0
SPCE,238000.0
SPFI,198318000.0
SPG,4604042000.0
SPGI,7442000000.0
SPKE,554890000.0
SPLK,2229385000.0
SPNE,154345000.0
SPNS,382903000.0
SPNT,881792000.0
SPOK,148180000.0
SPOT,7880000000.0
SPPI,0.0
SPR,3404800000.0
SPRO,9330000.0
SPSC,312630000.0
SPT,132949000.0
SPTN,9348485000.0
SPWH,1451767000.0
SPWR,1124829000.0
SPXC,1559500000.0
SQ,9497578000.0
SR,1855400000.0
SRC,482917000.0
SRCE,294520000.0
SRCL,2675500000.0
SRDX,94864000.0
SRE,11370000000.0
SRG,111783000.0
SRGA,101749000.0
SRI,648006000.0
SRNE,39986000.0
SRPT,540099000.0
SRRK,15403000.0
SSB,901616000.0
SSD,1267945000.0
SSNC,4667900000.0
SSP,1857478000.0
SSTI,45734000.0
SSTK,666686000.0
ST,3045578000.0
STAA,163460000.0
STAG,483411000.0
STAR,546175000.0
STAY,1027455000.0
STBA,204468000.0
STC,2288432000.0
STE,3030895000.0
STEP,446611000.0
STFC,1482400000.0
STL,748097000.0
STLD,9601482000.0
STMP,757980000.0
STNE,3179136000.0
STNG,915892000.0
STOK,0.0
STOR,697168000.0
STRA,1027653000.0
STRL,1427412000.0
STRO,42722000.0
STRS,61015000.0
STT,11615000000.0
STTK,9934000.0
STWD,673004000.0
STXB,113554000.0
STXS,26630035.0
STZ,8614900000.0
SUI,1382857000.0
SUM,2332451000.0
SUMO,202637000.0
SUPN,520397000.0
SVC,1265254000.0
SVMK,375610000.0
SVRA,257000.0
SWAV,67789000.0
SWBI,678390000.0
SWCH,511547000.0
SWI,1019241000.0
SWK,14534600000.0
SWKS,3355700000.0
SWM,1074400000.0
SWN,2308000000.0
SWTX,35000000.0
SWX,3298873000.0
SXC,1333000000.0
SXI,604535000.0
SXT,1332001000.0
SYBT,167806000.0
SYF,5852000000.0
SYK,14351000000.0
SYKE,1710261000.0
SYNA,1333900000.0
SYNH,4415777000.0
SYRS,15093000.0
SYX,1029000000.0
SYY,52893310000.0
T,171760000000.0
TACO,491883000.0
TALO,577532000.0
TAP,9654000000.0
TAST,1547502000.0
TBBK,273131000.0
TBI,1846360000.0
TBIO,138811000.0
TBK,306784000.0
TBNK,62818000.0
TBPH,71857000.0
TCBI,796342000.0
TCBK,269543000.0
TCDA,0.0
TCF,1814918000.0
TCFC,58633000.0
TCMD,187130000.0
TCRR,0.0
TCS,915953000.0
TCX,311202000.0
TDC,1836000000.0
TDG,5103000000.0
TDOC,1093962000.0
TDS,5225000000.0
TDW,397038000.0
TDY,3086200000.0
TEAM,1614173000.0
TECH,738691000.0
TELL,37434000.0
TEN,15379000000.0
TENB,440221000.0
TER,3121469000.0
TEX,3076400000.0
TFC,20370000000.0
TFSL,292519000.0
TFX,2537156000.0
TG,755290000.0
TGH,665315000.0
TGI,2900117000.0
TGNA,2937780000.0
TGT,93561000000.0
TGTX,152000.0
TH,225148000.0
THC,17640000000.0
THFF,178294000.0
THG,4827300000.0
THO,8167933000.0
THR,383486000.0
THRM,913098000.0
THS,4349700000.0
TILE,1103262000.0
TIPT,814729000.0
TISI,852539000.0
TITN,1411222000.0
TJX,32136962000.0
TKR,3513200000.0
TLS,179917000.0
TLYS,531329000.0
TMDX,25639000.0
TMHC,6129320000.0
TMO,32218000000.0
TMP,283048000.0
TMST,830700000.0
TMUS,68397000000.0
TMX,1961000000.0
TNC,1001000000.0
TNDM,498830000.0
TNET,4034000000.0
TNL,2160000000.0
TOL,7077659000.0
TOWN,597158000.0
TPB,405111000.0
TPC,5318763000.0
TPH,3260447000.0
TPIC,1670137000.0
TPR,4961400000.0
TPTX,25000000.0
TPX,3676900000.0
TR,471063000.0
TRC,37830000.0
TREC,208626000.0
TREE,909990000.0
TREX,880831000.0
TRGP,8260300000.0
TRHC,297219000.0
TRIP,604000000.0
TRMB,3147700000.0
TRMK,665017000.0
TRN,1999400000.0
TRNO,186884000.0
TRNS,173099000.0
TROW,6206700000.0
TROX,2758000000.0
TRS,769970000.0
TRST,165150000.0
TRTN,1360479000.0
TRTX,107217000.0
TRU,2716600000.0
TRUE,278678000.0
TRV,31981000000.0
TSBK,64468000.0
TSC,175749000.0
TSCO,10620352000.0
TSE,3035500000.0
TSHA,0.0
TSLA,31536000000.0
TSN,43185000000.0
TT,12454700000.0
TTC,3378810000.0
TTD,836033000.0
TTEC,1949248000.0
TTEK,2348572000.0
TTGT,148376000.0
TTMI,2105322000.0
TTWO,3088970000.0
TUP,1740100000.0
TVTY,437714000.0
TW,892343000.0
TWLO,1761776000.0
TWNK,1016609000.0
TWO,-532103000.0
TWOU,774533000.0
TWST,90100000.0
TWTR,3716349000.0
TXG,298845000.0
TXMD,64872280.0
TXN,14461000000.0
TXRH,2398123000.0
TXT,11651000000.0
TYL,1116663000.0
TYME,0.0
U,772445000.0
UA,4474667000.0
UAA,4474667000.0
UAL,15355000000.0
UBA,127473000.0
UBER,11139000000.0
UBFO,34262000.0
UBSI,935467000.0
UBX,0.0
UCBI,577434000.0
UCTT,1398600000.0
UE,330095000.0
UEIC,614680000.0
UFCS,1068627000.0
UFI,606509000.0
UFPI,5153998000.0
UFPT,179373000.0
UFS,3652000000.0
UGI,6559000000.0
UHAL,3978868000.0
UHS,11558897000.0
UHT,79716000.0
UI,1284500000.0
UIHC,846656000.0
UIS,2026300000.0
ULH,1391083000.0
ULTA,6151953000.0
UMBF,1160895000.0
UMH,163609000.0
UMPQ,1089667000.0
UNF,1804159000.0
UNFI,26514267000.0
UNH,257141000000.0
UNIT,1067041000.0
UNM,13162100000.0
UNP,19533000000.0
UNTY,70381000.0
UNVR,8265000000.0
UPLD,291778000.0
UPS,84628000000.0
UPST,241442000.0
UPWK,373628000.0
URBN,3449749000.0
URGN,11799000.0
URI,8530000000.0
USB,19242000000.0
USCR,1365700000.0
USFD,22885000000.0
USLM,160704000.0
USM,4037000000.0
USNA,1134644000.0
USX,1742101000.0
UTHR,1483300000.0
UTL,418600000.0
UTMD,42178000.0
UUUU,1658000.0
UVE,1072770000.0
UVSP,211895000.0
UVV,1909979000.0
V,21846000000.0
VAC,1844000000.0
VALU,40299000.0
VAPO,125733000.0
VBIV,1061000.0
VBTX,247473000.0
VC,2548000000.0
VCEL,124179000.0
VCRA,198420000.0
VCYT,117483000.0
VEC,1395529000.0
VECO,454163000.0
VEEV,1465069000.0
VER,1164405000.0
VERI,57708000.0
VERU,42592060.0
VFC,10488556000.0
VG,1185357000.0
VGR,1541137000.0
VHC,302636000.0
VIAC,25285000000.0
VIACA,25285000000.0
VIAV,1136300000.0
VICI,1225574000.0
VICR,296576000.0
VIR,76368000.0
VIRT,2929124000.0
VITL,214280000.0
VIVO,253667000.0
VKTX,0.0
VLGEA,1804594000.0
VLO,60115000000.0
VLY,1162879000.0
VMC,4856826000.0
VMD,131309000.0
VMI,2895355000.0
VMW,11767000000.0
VNDA,248168000.0
VNO,1612188000.0
VNT,2704600000.0
VOR,0.0
VOXX,394889000.0
VOYA,7649000000.0
VPG,269812000.0
VRA,468272000.0
VRAY,57017000.0
VRCA,0.0
VREX,738300000.0
VRM,1357700000.0
VRNS,292689000.0
VRNT,1273705000.0
VRRM,393593000.0
VRS,1359000000.0
VRSK,2784600000.0
VRSN,1265052000.0
VRT,4370600000.0
VRTS,603896000.0
VRTV,6345600000.0
VRTX,6205683000.0
VSAT,2309238000.0
VSEC,661659000.0
VSH,2501898000.0
VST,11443000000.0
VSTM,18516000.0
VSTO,1755871000.0
VTOL,1190644000.0
VTR,3800292000.0
VTRS,11946000000.0
VVI,415435000.0
VVNT,1260730000.0
VVV,2353000000.0
VWTR,9598000.0
VXRT,4046000.0
VYGR,171128000.0
VYNE,20993000.0
VZ,128292000000.0
W,14145156000.0
WAB,7556100000.0
WABC,205369000.0
WAFD,548527000.0
WAL,1114100000.0
WASH,214544000.0
WAT,2365365000.0
WBA,139537000000.0
WBS,1038920000.0
WBT,1153400000.0
WCC,12325995000.0
WD,1037678000.0
WDAY,4317996000.0
WDC,16736000000.0
WDFC,408498000.0
WEC,7241700000.0
WELL,4605967000.0
WEN,1400161000.0
WERN,2372178000.0
WETF,253699000.0
WEX,1553369000.0
WEYS,195375000.0
WFC,58319000000.0
WGO,2355533000.0
WH,950000000.0
WHD,348566000.0
WHG,65111000.0
WHR,19456000000.0
WIFI,237416000.0
WINA,66061800.0
WING,248811000.0
WIRE,1276948000.0
WK,351594000.0
WKHS,1392519.0
WLDN,390980000.0
WLFC,288771000.0
WLK,7504000000.0
WLL,732362000.0
WLTW,9352000000.0
WM,15218000000.0
WMB,7719000000.0
WMC,-289043000.0
WMK,4112601000.0
WMS,1673805000.0
WMT,559151000000.0
WNC,1481889000.0
WNEB,65796000.0
WOOF,4920202000.0
WOR,3059119000.0
WORK,902610000.0
WOW,1148400000.0
WPC,1226846000.0
WRB,8098925000.0
WRE,294118000.0
WRI,433917000.0
WRK,17578800000.0
WRLD,590029015.0
WSBC,499924000.0
WSBF,291177000.0
WSC,1367645000.0
WSFS,513800000.0
WSM,6783189000.0
WSO,5054928000.0
WSR,119035000.0
WST,2146900000.0
WTBA,80435000.0
WTFC,1424514000.0
WTI,341716000.0
WTM,1180700000.0
WTRE,691378000.0
WTRG,1462698000.0
WTRH,204328000.0
WTS,1508600000.0
WTTR,605105000.0
WU,4835000000.0
WVE,20077000.0
WW,1378124000.0
WWD,2495665000.0
WWE,974207000.0
WWW,1791100000.0
WY,7532000000.0
WYNN,2095861000.0
X,9741000000.0
XBIT,43997000.0
XEC,1558595000.0
XEL,11526000000.0
XENT,80554000.0
XERS,20435000.0
XFOR,3000000.0
XHR,369776000.0
XLNX,3162666000.0
XLRN,92523000.0
XNCR,122694000.0
XOM,179784000000.0
XONE,59253000.0
XPEL,158924448.0
XPER,892020000.0
XPO,16252000000.0
XRAY,3342000000.0
XRX,7022000000.0
XYL,4876000000.0
Y,8896719000.0
YELP,872933000.0
YETI,1091721000.0
YEXT,354661000.0
YMAB,20750000.0
YORW,53852000.0
YUM,5652000000.0
YUMC,8263000000.0
Z,3339817000.0
ZBH,7024500000.0
ZBRA,4448000000.0
ZEN,1029564000.0
ZEUS,1234144000.0
ZG,3339817000.0
ZGNX,13643000.0
ZION,2405000000.0
ZIOP,0.0
ZIXI,218478000.0
ZM,2651368000.0
ZNGA,1974800000.0
ZNTL,0.0
ZS,431269000.0
ZTS,6675000000.0
ZUMZ,990652000.0
ZUO,305420000.0
ZYXI,80122000.0
