,Total Assets
A,9627000000.0
AA,14860000000.0
AAIC,1212389000.0
AAL,62008000000.0
AAN,1353457000.0
AAOI,480805000.0
AAON,449008000.0
AAP,11839636000.0
AAPL,323888000000.0
AAT,2817309000.0
AAWW,6029188000.0
ABBV,150565000000.0
ABC,44274830000.0
ABCB,20438638000.0
ABEO,151198000.0
ABG,3676300000.0
ABM,3776900000.0
ABMD,1494359000.0
ABR,7660986000.0
ABT,72548000000.0
ABTX,6050128000.0
AC,1174545000.0
ACA,2646700000.0
ACAD,782616000.0
ACBI,3615617000.0
ACC,7531160000.0
ACCD,73248000.0
ACCO,3048700000.0
ACEL,560241000.0
ACGL,43282297000.0
ACHC,6499362000.0
ACI,26598000000.0
ACIW,3386903000.0
ACLS,624624000.0
ACM,12998951000.0
ACN,37078593000.0
ACNB,2555362000.0
ACRE,1929497000.0
ACRX,66295000.0
ACTG,515520000.0
ADBE,24284000000.0
ADC,3886183000.0
ADES,146671000.0
ADI,21468603000.0
ADM,49719000000.0
ADMA,207673394.0
ADNT,10261000000.0
ADP,39165500000.0
ADPT,1116414000.0
ADS,22547100000.0
ADSK,7279800000.0
ADT,16116936000.0
ADTN,525679000.0
ADUS,892582000.0
ADVM,482567000.0
AEE,32030000000.0
AEIS,1647662000.0
AEL,71389674000.0
AEO,3434806000.0
AEP,80757200000.0
AERI,402045000.0
AES,34603000000.0
AFG,73566000000.0
AFIB,192535000.0
AFIN,3607967000.0
AFL,165086000000.0
AFMD,175725000.0
AGCO,8504200000.0
AGEN,214514000.0
AGIO,852952000.0
AGLE,161618000.0
AGM,24355501000.0
AGNC,81817000000.0
AGO,15334000000.0
AGR,37823000000.0
AGRX,73062000.0
AGS,740778000.0
AGX,602630000.0
AGYS,154562000.0
AHCO,1813472000.0
AHH,1916971000.0
AI,305108000.0
AIG,586481000000.0
AIMC,4208100000.0
AIN,1549936000.0
AIR,2079000000.0
AIRC,6229278000.0
AIT,2283551000.0
AIV,1840492000.0
AIZ,44649900000.0
AJG,22331400000.0
AJRD,2899900000.0
AJX,1653732000.0
AKAM,7764130000.0
AKBA,644139000.0
AKR,4186882000.0
AKRO,273339000.0
AKTS,71433000.0
AKUS,333350000.0
AL,25215175000.0
ALB,10450946000.0
ALBO,285607000.0
ALCO,423937000.0
ALE,6084600000.0
ALEC,488251000.0
ALEX,2036000000.0
ALG,1109329000.0
ALGM,817821000.0
ALGN,4829683000.0
ALGS,265302000.0
ALGT,3258925000.0
ALK,14046000000.0
ALKS,1949730000.0
ALL,125987000000.0
ALLE,3069400000.0
ALLK,719618000.0
ALLO,1227829000.0
ALLY,182165000000.0
ALNY,3407061000.0
ALRM,731687000.0
ALRS,3013771000.0
ALSN,4477000000.0
ALTA,3366228000.0
ALTG,746200000.0
ALTR,829902000.0
ALVR,370821000.0
ALX,1404138000.0
ALXN,18103000000.0
ALXO,436054000.0
AM,5610912000.0
AMAL,5978631000.0
AMAT,22353000000.0
AMBC,13220000000.0
AMC,10276400000.0
AMCR,16442100000.0
AMCX,5246338000.0
AMD,8962000000.0
AME,10357483000.0
AMED,1567198000.0
AMEH,817486000.0
AMG,7888900000.0
AMGN,62948000000.0
AMH,9593625000.0
AMK,1223588000.0
AMKR,5022311000.0
AMN,2353507000.0
AMNB,3050010000.0
AMOT,349197000.0
AMP,165883000000.0
AMPH,631236000.0
AMRC,1750251000.0
AMRS,222814000.0
AMRX,4006033000.0
AMSC,124109000.0
AMSF,1470855000.0
AMSWA,171293000.0
AMT,47233500000.0
AMTB,7770893000.0
AMTI,140183000.0
AMWD,1622806000.0
AMWL,1376646000.0
AMZN,321195000000.0
AN,9887200000.0
ANAB,416552000.0
ANAT,29467815000.0
ANDE,4272121000.0
ANET,4738919000.0
ANF,3314902000.0
ANGO,594214000.0
ANIK,365605000.0
ANIP,461190000.0
ANNX,355946000.0
ANSS,5940590000.0
ANTM,86615000000.0
AON,32114000000.0
AOS,3160700000.0
AOSL,792939000.0
AOUT,248415000.0
APA,12746000000.0
APAM,1151962000.0
APD,25168500000.0
APEI,371018000.0
APG,4065000000.0
APH,12327300000.0
APLE,4829759000.0
APLS,960569000.0
APLT,104506000.0
APO,23669084000.0
APOG,1015099000.0
APPF,389480000.0
APPN,512521000.0
APPS,184011000.0
APR,704984000.0
APRE,92805219.0
APT,68802000.0
APTS,4281079000.0
APTV,17522000000.0
APYX,74111000.0
AQUA,1844458000.0
AR,13150845000.0
ARAY,490927000.0
ARCH,1722472000.0
ARCT,476456000.0
ARD,9652000000.0
ARDX,201562000.0
ARE,22827878000.0
ARES,15168992000.0
ARGO,10465800000.0
ARI,6940020000.0
ARLO,413968000.0
ARMK,15712684000.0
ARNA,1190720000.0
ARNC,6314000000.0
AROC,2779722000.0
AROW,3688636000.0
ARQT,298269000.0
ARR,5524486000.0
ARRY,656024000.0
ARTNA,593218000.0
ARVN,717368587.0
ARW,17053911000.0
ARWR,522503743.0
ASB,33419783000.0
ASC,752007855.0
ASGN,3278000000.0
ASH,6877000000.0
ASMB,283254000.0
ASO,4384482000.0
ASPN,97424000.0
ASPS,265685000.0
ASPU,66239511.0
ASTE,848200000.0
ASUR,515423000.0
ATEC,261223000.0
ATEN,290811000.0
ATEX,267397000.0
ATGE,2228687000.0
ATH,202771000000.0
ATHA,279563000.0
ATHX,59714000.0
ATI,4034900000.0
ATKR,1558525000.0
ATLO,1975647743.0
ATNI,1083711000.0
ATNX,384329000.0
ATO,15359032000.0
ATOM,39395000.0
ATR,3990053000.0
ATRA,588120000.0
ATRC,714539000.0
ATRI,266890000.0
ATRO,619745000.0
ATRS,212531000.0
ATSG,3001745000.0
ATUS,33376660000.0
ATVI,23109000000.0
AUB,19628449000.0
AUD,3288757000.0
AVA,6402097000.0
AVAV,584954000.0
AVB,19199144000.0
AVD,680293000.0
AVGO,75933000000.0
AVID,305138000.0
AVIR,863632000.0
AVLR,1602333000.0
AVNS,1672800000.0
AVNT,4870500000.0
AVRO,271234000.0
AVT,8105197000.0
AVTR,9906500000.0
AVXL,34542197.0
AVY,6083900000.0
AVYA,6231000000.0
AWH,19605000.0
AWI,1718500000.0
AWK,24766000000.0
AWR,1791603000.0
AX,13851900000.0
AXDX,93425000.0
AXGN,201381000.0
AXL,5916300000.0
AXNX,342206000.0
AXON,1381023000.0
AXP,191367000000.0
AXS,25877687000.0
AXSM,186134323.0
AXTA,7157200000.0
AXTI,298862000.0
AYI,3491700000.0
AYX,1465295000.0
AZEK,1931856000.0
AZO,14423872000.0
AZPN,1223306000.0
AZZ,996442000.0
B,2676226000.0
BA,152136000000.0
BAC,2819627000000.0
BAH,4793966000.0
BALY,1929855000.0
BANC,7877334000.0
BAND,890608000.0
BANF,9212357000.0
BANR,15031623000.0
BATRA,1571000000.0
BATRK,1571000000.0
BAX,20019000000.0
BBBY,6456930000.0
BBIO,703588000.0
BBSI,774950000.0
BBY,19067000000.0
BC,3770600000.0
BCAB,244937000.0
BCBP,2821016000.0
BCC,1965718000.0
BCEI,1182812000.0
BCEL,272064000.0
BCLI,51259000.0
BCML,2195666000.0
BCO,5135600000.0
BCOR,1064192000.0
BCOV,186803000.0
BCPC,1165843000.0
BCRX,334715000.0
BDC,3139734000.0
BDN,3900106000.0
BDSI,239894000.0
BDTX,329670000.0
BDX,54012000000.0
BE,1454387000.0
BEAM,451677000.0
BECN,6957500000.0
BELFB,453866000.0
BEN,20220900000.0
BEPC,39473000000.0
BERY,16701000000.0
BFAM,3726648000.0
BFC,2718016000.0
BFIN,1596842000.0
BFS,1645572000.0
BFST,4160360000.0
BG,23655000000.0
BGCP,3949300000.0
BGS,3767570000.0
BGSF,130278268.0
BH,1017968000.0
BHB,3725762000.0
BHE,1744235000.0
BHF,247869000000.0
BHLB,12838013000.0
BHVN,686975000.0
BIG,4037257000.0
BIGC,276626000.0
BIIB,24618900000.0
BILL,2404015000.0
BIO,12972618000.0
BIPC,9344000000.0
BJ,5411530000.0
BJRI,1059424000.0
BK,469633000000.0
BKD,6901758000.0
BKE,845814000.0
BKH,8088786000.0
BKI,6090500000.0
BKNG,21874000000.0
BKR,38007000000.0
BKU,35010493000.0
BL,1113505000.0
BLBD,317415000.0
BLD,2815283000.0
BLDR,4173671000.0
BLFS,234829000.0
BLI,299658000.0
BLK,176982000000.0
BLKB,2044734000.0
BLL,18252000000.0
BLMN,3362107000.0
BLUE,1781252000.0
BLX,6288898000.0
BMI,468380000.0
BMRC,2911926000.0
BMRN,5848020000.0
BMTC,5432022000.0
BMY,118481000000.0
BNFT,362372000.0
BNL,4258483000.0
BOCH,1763954000.0
BOH,20603651000.0
BOKF,46671088000.0
BOLT,46542000.0
BOMN,509653885.0
BOOM,279645000.0
BOOT,924711000.0
BOX,1351682000.0
BPFH,10048733000.0
BPMC,1718393000.0
BPOP,65926000000.0
BPRN,1602838000.0
BPYU,21879964000.0
BR,4889800000.0
BRBR,653500000.0
BRC,1142466000.0
BRG,2489937000.0
BRKL,8942424000.0
BRKR,3049000000.0
BRKS,1559125000.0
BRMK,1187319000.0
BRO,8966492000.0
BRP,1529914000.0
BRT,365741000.0
BRX,8342147000.0
BRY,1419810000.0
BSGM,30386000.0
BSIG,1379200000.0
BSRR,3220742000.0
BSX,30777000000.0
BTAI,219936000.0
BTU,4667100000.0
BURL,6781092000.0
BUSE,10544047000.0
BV,3071000000.0
BVH,1250119000.0
BWA,16029000000.0
BWB,2927345000.0
BWFG,2253747000.0
BWXT,2293503000.0
BXMT,16958955000.0
BXP,22858190000.0
BXS,24081194000.0
BY,6390652000.0
BYD,6558948000.0
BYND,468006000.0
BYSI,117038000.0
BZH,2007480000.0
C,2260090000000.0
CABO,4488338000.0
CAC,4898745000.0
CACC,7489000000.0
CACI,5542472000.0
CADE,18712567000.0
CAG,22304000000.0
CAH,40766000000.0
CAI,2612632000.0
CAKE,2747054000.0
CAL,1867050000.0
CALA,125587000.0
CALM,1206694000.0
CALX,427352000.0
CAMP,433805000.0
CAR,17538000000.0
CARA,271157000.0
CARE,4179179000.0
CARG,502298000.0
CARR,25093000000.0
CARS,1075712000.0
CASA,492966000.0
CASH,6092074000.0
CASI,127734000.0
CASS,2203235000.0
CASY,3943892000.0
CAT,78324000000.0
CATC,3949297000.0
CATM,1831445000.0
CATO,591452000.0
CATY,19043134000.0
CB,190774000000.0
CBAY,153825000.0
CBB,2668600000.0
CBOE,6516500000.0
CBRE,18039143000.0
CBRL,2544258000.0
CBSH,32922974000.0
CBT,2781000000.0
CBTX,3949217000.0
CBU,13931094000.0
CBZ,1513754000.0
CC,7082000000.0
CCBG,3798071000.0
CCCC,400138000.0
CCF,346830000.0
CCI,38768000000.0
CCK,16670000000.0
CCL,53593000000.0
CCMP,2376467000.0
CCNE,4729399000.0
CCOI,1000477000.0
CCRN,356973000.0
CCS,2845093000.0
CCXI,518899000.0
CDAY,6701300000.0
CDK,2854100000.0
CDLX,422537000.0
CDMO,107620000.0
CDNA,368511000.0
CDNS,3950785000.0
CDW,9344700000.0
CDXC,38358000.0
CDXS,221646000.0
CDZI,74363000.0
CE,10909000000.0
CECE,419314000.0
CEIX,2523366000.0
CELH,131289773.0
CENT,2339364000.0
CENTA,2339364000.0
CENX,1399600000.0
CERN,7521096000.0
CERS,165535000.0
CERT,1269400000.0
CEVA,306952000.0
CF,12023000000.0
CFB,5659303000.0
CFFI,2086310000.0
CFFN,9487218000.0
CFG,183349000000.0
CFR,42391317000.0
CFX,7351549000.0
CGEM,214708000.0
CGNT,628818000.0
CGNX,1800702000.0
CHCO,5758640000.0
CHCT,668402000.0
CHD,7414500000.0
CHDN,2686400000.0
CHE,1434911000.0
CHGG,2251258000.0
CHH,1587333000.0
CHMA,176338000.0
CHMG,2279451000.0
CHMI,1593488000.0
CHNG,10107380000.0
CHRS,841649000.0
CHRW,5144258000.0
CHS,1274878000.0
CHTR,144206000000.0
CHUY,493675000.0
CHX,3475776000.0
CI,155451000000.0
CIA,1843420000.0
CIEN,4180917000.0
CIM,17523019000.0
CINF,27542000000.0
CIO,1157292000.0
CIR,1130528000.0
CIT,58106600000.0
CIVB,2762918000.0
CIX,184045000.0
CL,15920000000.0
CLAR,280691000.0
CLBK,8798536000.0
CLDR,2508601000.0
CLDT,1370257000.0
CLF,16771000000.0
CLFD,95297430.0
CLGX,4283222000.0
CLH,4131520000.0
CLI,5147786000.0
CLNC,6211937000.0
CLNE,715027000.0
CLNY,20200560000.0
CLPR,1207866000.0
CLR,14633098000.0
CLVS,605554000.0
CLW,1800400000.0
CLX,6213000000.0
CLXT,63327000.0
CMA,88129000000.0
CMBM,205753000.0
CMC,4081728000.0
CMCO,1093272000.0
CMCSA,273869000000.0
CMCT,685617000.0
CMD,2071754000.0
CME,124659600000.0
CMG,5982896000.0
CMI,22624000000.0
CMO,8405250000.0
CMP,2262400000.0
CMPR,1815006000.0
CMRE,3010516000.0
CMRX,84723000.0
CMS,29666000000.0
CMTL,929647000.0
CNA,64026000000.0
CNBKA,6358834000.0
CNC,68719000000.0
CNCE,159263000.0
CNDT,4256000000.0
CNK,5562922000.0
CNMD,1751673000.0
CNNE,4613400000.0
CNO,35339900000.0
CNOB,7547339000.0
CNP,33471000000.0
CNR,5478490000.0
CNS,348453000.0
CNSL,3507300000.0
CNST,441854000.0
CNTY,680760000.0
CNX,8041764000.0
CNXC,5177556000.0
CNXN,1015373000.0
CODX,71237197.0
COF,421602000000.0
COFS,1919342000.0
COG,4523532000.0
COHR,1827496000.0
COHU,1090346000.0
COKE,3222450000.0
COLB,16584779000.0
COLD,7831151000.0
COLL,643841000.0
COLM,2836571000.0
COMM,13576800000.0
CONE,6897400000.0
CONN,1755084000.0
COO,6737500000.0
COOP,24165000000.0
COP,62618000000.0
COR,2176273000.0
CORE,1954700000.0
CORR,284953178.0
CORT,571731000.0
COST,55556000000.0
COTY,16728800000.0
COUP,3105165000.0
COWN,7828199000.0
CPA,3853384000.0
CPB,12372000000.0
CPF,6594583000.0
CPK,1932487000.0
CPLG,1766000000.0
CPRI,7946000000.0
CPRT,3455261000.0
CPRX,192353926.0
CPS,2611944000.0
CPSI,326272000.0
CPT,7198952000.0
CR,4588900000.0
CRAI,558510000.0
CRBP,102294931.0
CREE,3231000000.0
CRI,3392580000.0
CRM,66301000000.0
CRMD,49308303.0
CRMT,822159000.0
CRNC,1687445000.0
CRNX,183445000.0
CROX,1118723000.0
CRS,3227200000.0
CRSR,1314115000.0
CRTX,189466000.0
CRUS,1592677000.0
CRVL,416260000.0
CRWD,2732533000.0
CRY,789404000.0
CSCO,94853000000.0
CSGP,6915420000.0
CSGS,1332000000.0
CSII,339519000.0
CSL,5866400000.0
CSOD,2134569000.0
CSR,1464183000.0
CSTE,820921000.0
CSTL,439328000.0
CSTR,2987006000.0
CSV,1145825000.0
CSWI,874957000.0
CSX,39793000000.0
CTAS,7669885000.0
CTB,2971573000.0
CTBI,5139141000.0
CTLT,7776500000.0
CTMX,358663000.0
CTO,665931000.0
CTRE,1503559000.0
CTRN,494593000.0
CTS,626049000.0
CTSH,16923000000.0
CTSO,89950471.0
CTT,607328000.0
CTVA,42649000000.0
CTXS,4890347000.0
CUBE,4778142000.0
CUBI,18439248000.0
CUE,99533800.0
CURO,1182986000.0
CUTR,132733000.0
CUZ,7107398000.0
CVA,3706000000.0
CVBF,14419314000.0
CVCO,810431000.0
CVCY,2004096000.0
CVET,3496000000.0
CVGW,429624000.0
CVI,3978000000.0
CVLG,676716000.0
CVLT,845076000.0
CVLY,2162199000.0
CVM,40536454.0
CVNA,3034531000.0
CVS,230715000000.0
CVX,239790000000.0
CW,4021334000.0
CWCO,179555552.0
CWEN,10592000000.0
CWH,3256431000.0
CWK,7337900000.0
CWST,1193898000.0
CWT,3394248000.0
CXP,4086518000.0
CXW,3709315000.0
CYBE,79716000.0
CYCN,115378000.0
CYH,16006000000.0
CYRX,552405000.0
CYTK,533803000.0
CZNC,2239100000.0
CZR,36385000000.0
D,95905000000.0
DAKT,372651000.0
DAL,71996000000.0
DAN,7376000000.0
DAR,5613331000.0
DBD,3657400000.0
DBI,1976595000.0
DBX,2387200000.0
DCI,2244600000.0
DCO,837347000.0
DCOM,6354460000.0
DCPH,642432000.0
DCT,861100000.0
DD,70904000000.0
DDD,733055000.0
DDOG,1890285000.0
DDS,3092515000.0
DE,75091000000.0
DEA,2457540000.0
DECK,1765118000.0
DEI,9250825000.0
DELL,123415000000.0
DENN,430949000.0
DFIN,865600000.0
DFS,112889000000.0
DG,25862624000.0
DGICA,2160520324.0
DGII,528682000.0
DGX,14026000000.0
DHC,6476424000.0
DHI,18912300000.0
DHIL,263097341.0
DHR,76161000000.0
DHT,1621989000.0
DHX,240987000.0
DIN,2074945000.0
DIOD,1979457000.0
DIS,201549000000.0
DISCA,34087000000.0
DISCK,34087000000.0
DISH,38239947000.0
DJCO,238575000.0
DK,6134100000.0
DKS,7752859000.0
DLB,2917325000.0
DLR,36076291000.0
DLTH,515577000.0
DLTR,20696000000.0
DLX,1874863000.0
DMRC,97028000.0
DMTK,69780000.0
DNB,9219400000.0
DNLI,1604280000.0
DNOW,1008000000.0
DOC,4413950000.0
DOCU,2336507000.0
DOMO,216438000.0
DOOR,2137760000.0
DORM,1220661000.0
DOV,9152074000.0
DOW,61470000000.0
DOX,6341621000.0
DPZ,1567168000.0
DRE,9111394000.0
DRH,3146773000.0
DRI,9946100000.0
DRNA,707846000.0
DRQ,1151172000.0
DRRX,75641000.0
DRVN,4655150000.0
DSKE,1126900000.0
DSP,133520000.0
DSPG,216473000.0
DSSI,1961843000.0
DT,2042080000.0
DTE,45496000000.0
DTIL,150158000.0
DUK,162388000000.0
DVA,16988516000.0
DVAX,353272000.0
DVN,9912000000.0
DX,3087754000.0
DXC,26006000000.0
DXCM,4290500000.0
DXPE,851861000.0
DY,1944165000.0
DYN,353334000.0
DZSI,252230000.0
EA,11112000000.0
EAF,1432712000.0
EAR,232632000.0
EAT,2356000000.0
EB,795685000.0
EBAY,19310000000.0
EBC,15964190000.0
EBF,364388000.0
EBIX,1569853000.0
EBS,2883200000.0
EBSB,6619848000.0
EBTC,4014324000.0
ECHO,963944000.0
ECL,18126000000.0
ECOL,1831283000.0
ECOM,180661000.0
ECPG,4864523000.0
ED,62895000000.0
EDIT,572602000.0
EEFT,4926711000.0
EEX,1054400000.0
EFC,3413863000.0
EFSC,9751571000.0
EFX,9611800000.0
EGAN,93705000.0
EGBN,11117802000.0
EGHT,700641000.0
EGLE,967127056.0
EGP,2720803000.0
EGRX,253190000.0
EHC,6445900000.0
EHTH,1040022000.0
EIG,3922600000.0
EIGR,143594000.0
EIX,69372000000.0
EL,17781000000.0
ELAN,17692700000.0
ELF,453104000.0
ELOX,26477000.0
ELS,4418969000.0
ELY,1980600000.0
EME,5063840000.0
EML,275528354.0
EMN,16083000000.0
EMR,22882000000.0
ENDP,9264637000.0
ENPH,1200102000.0
ENR,5728300000.0
ENS,3301698000.0
ENSG,2545578000.0
ENTA,486132000.0
ENTG,2917696000.0
ENV,2144290000.0
ENVA,2108075000.0
ENZ,112538000.0
EOG,35804601000.0
EOLS,209068000.0
EPAC,824294000.0
EPAM,2721332000.0
EPAY,793137000.0
EPC,3540900000.0
EPM,92138236.0
EPR,6704185000.0
EPRT,2488802000.0
EPZM,473573000.0
EQBK,4013356000.0
EQC,3277671000.0
EQH,275397000000.0
EQIX,27006841000.0
EQR,20286891000.0
EQT,18113469000.0
ERIE,2117122000.0
ERII,204314000.0
ES,46099598000.0
ESCA,220705000.0
ESE,1373523000.0
ESGC,356453000.0
ESGR,21647284000.0
ESI,4483400000.0
ESNT,5202724000.0
ESPR,353258000.0
ESQ,936714000.0
ESRT,4150695000.0
ESS,12936177000.0
ESSA,1893515000.0
ESTC,803911000.0
ESTE,1005257000.0
ESXB,1644809000.0
ETH,622789000.0
ETN,31824000000.0
ETNB,211074000.0
ETR,58239212000.0
ETRN,12725852000.0
ETSY,2404489000.0
EVBG,960944000.0
EVBN,2044115000.0
EVC,747345000.0
EVER,129050000.0
EVFM,109968000.0
EVH,1370185000.0
EVI,160718000.0
EVLO,90639000.0
EVOP,1757721000.0
EVR,3370888000.0
EVRG,27114800000.0
EVRI,1477179000.0
EVTC,1072579000.0
EW,7237100000.0
EWBC,52156913000.0
EXAS,4925092000.0
EXC,129317000000.0
EXEL,2137333000.0
EXLS,1247857000.0
EXP,2961020000.0
EXPD,4927503000.0
EXPE,18690000000.0
EXPI,242187000.0
EXPO,580096000.0
EXPR,1458457000.0
EXR,9395848000.0
EXTR,979088000.0
EYE,2333498000.0
EZPW,1197023000.0
F,267261000000.0
FAF,12795988000.0
FANG,17619000000.0
FARM,392699000.0
FARO,525592000.0
FAST,3964700000.0
FATE,622457000.0
FB,159316000000.0
FBC,31038000000.0
FBHS,7358700000.0
FBIO,328834000.0
FBIZ,2567837000.0
FBK,11207330000.0
FBMS,5152760000.0
FBNC,7289751000.0
FBP,18793071000.0
FC,205437000.0
FCAP,1017551000.0
FCBC,3011136000.0
FCBP,2283115000.0
FCCY,1806909000.0
FCEL,523538000.0
FCF,9068104000.0
FCFS,2372197000.0
FCN,2777363000.0
FCNCA,49957680000.0
FCPT,1668179000.0
FCX,42144000000.0
FDBC,1699510000.0
FDMT,288331000.0
FDP,3343300000.0
FDS,2083388000.0
FDX,73537000000.0
FE,44464000000.0
FELE,1272307000.0
FEYE,3245882000.0
FF,441304000.0
FFBC,15973134000.0
FFIC,7976394000.0
FFIN,10904500000.0
FFIV,4677920000.0
FFWM,6957160000.0
FGBI,2473078000.0
FGEN,826840000.0
FHB,22662831000.0
FHI,2060839000.0
FHN,84209000000.0
FI,816901000.0
FIBK,17648700000.0
FIS,83842000000.0
FISI,4912306000.0
FISV,74619000000.0
FITB,204680000000.0
FIVE,2314770000.0
FIVN,1063742000.0
FIX,1757355000.0
FIXX,263737000.0
FIZZ,648646000.0
FL,7043000000.0
FLDM,324757000.0
FLGT,700461000.0
FLIC,4069141000.0
FLMN,275629000.0
FLNT,310220000.0
FLO,3323023000.0
FLOW,2098500000.0
FLR,7309812000.0
FLS,5314677000.0
FLT,11194579000.0
FLWS,774435000.0
FLXN,251926000.0
FMAO,1909544000.0
FMBH,4726348000.0
FMBI,20838678000.0
FMC,10186400000.0
FMNB,3071148000.0
FMTX,680971000.0
FN,1381387000.0
FNB,37354000000.0
FND,2880425000.0
FNF,50455000000.0
FNHC,1428537000.0
FNKO,763590000.0
FNLC,2361236000.0
FNWB,1654349000.0
FOCS,3062881000.0
FOE,1960933000.0
FOLD,886520000.0
FOR,1739900000.0
FORM,963217000.0
FORR,644218000.0
FOSL,1478505000.0
FOX,21750000000.0
FOXA,21750000000.0
FOXF,1286561000.0
FPI,1090991000.0
FR,3791938000.0
FRAF,1535038000.0
FRBA,2346270000.0
FRBK,5065735000.0
FRC,142502134000.0
FREQ,264722000.0
FRG,1837661000.0
FRGI,568743000.0
FRME,14067210000.0
FRO,3918221000.0
FROG,689231000.0
FRPH,536360000.0
FRPT,434388000.0
FRST,3088673000.0
FRT,7607624000.0
FRTA,1655812000.0
FSBW,2113241000.0
FSLR,7108931000.0
FSLY,1219951000.0
FSP,1793184000.0
FSS,1208800000.0
FSTR,370395000.0
FTDR,1405000000.0
FTNT,4044500000.0
FTV,16051500000.0
FUL,4036704000.0
FULC,129577000.0
FULT,25906733000.0
FVCB,1821481000.0
FWONA,11191000000.0
FWONK,11191000000.0
FWRD,1047393000.0
G,4873513000.0
GABC,4977577000.0
GAIA,110017000.0
GALT,29600000.0
GATO,265410000.0
GATX,8937600000.0
GBCI,18504206000.0
GBIO,294155000.0
GBL,185402000.0
GBT,724002000.0
GBX,3173834000.0
GCBC,1676803000.0
GCI,3108914000.0
GCO,1587368000.0
GCP,1417600000.0
GD,51308000000.0
GDDY,6432900000.0
GDEN,1570949000.0
GDOT,4115267000.0
GDP,205077000.0
GDYN,167135000.0
GE,253452000000.0
GEF,5510900000.0
GENC,171094000.0
GEO,4460126000.0
GERN,270728000.0
GES,2465868000.0
GFF,2456017000.0
GGG,1988128000.0
GH,2271781000.0
GHC,6444119000.0
GHL,585799000.0
GHM,148120000.0
GIII,2436386000.0
GILD,68407000000.0
GIS,30806700000.0
GKOS,1005502000.0
GL,29046731000.0
GLDD,958024000.0
GLNG,4314229000.0
GLOB,1288767000.0
GLPI,9034368000.0
GLRE,1357650000.0
GLT,1286881000.0
GLW,30775000000.0
GLYC,142832169.0
GM,235194000000.0
GME,2472600000.0
GMED,1679485000.0
GMRE,1100906000.0
GMS,2288782000.0
GNK,1232809000.0
GNL,3967014000.0
GNRC,3235423000.0
GNSS,71372000.0
GNTX,2197941170.0
GNTY,2740832000.0
GNW,105747000000.0
GO,2485624000.0
GOCO,2108796000.0
GOGO,673588000.0
GOLF,1866555000.0
GOOD,1097908000.0
GOOG,319616000000.0
GOOGL,319616000000.0
GORO,105734000.0
GOSS,539433000.0
GPC,13440215000.0
GPI,5089400000.0
GPK,7804600000.0
GPMT,4219648000.0
GPN,44201545000.0
GPRE,1578917000.0
GPRO,771399000.0
GPS,13769000000.0
GPX,381776000.0
GRA,3765500000.0
GRBK,988847000.0
GRC,394457000.0
GRMN,7031373000.0
GRPN,1411507000.0
GRTS,221567000.0
GRUB,2388919000.0
GRWG,354733695.0
GS,1163028000000.0
GSBC,5526420000.0
GSHD,185837000.0
GSKY,1523073000.0
GT,16506000000.0
GTES,7426300000.0
GTHX,228552000.0
GTLS,2570500000.0
GTN,7643000000.0
GTS,3088418000.0
GTT,4757700000.0
GTY,1349512000.0
GTYH,432447000.0
GVA,2379996000.0
GWB,12604439000.0
GWRE,2364852000.0
GWRS,283448000.0
GWW,6295000000.0
H,9129000000.0
HA,3978030000.0
HAE,1819923000.0
HAFC,6201888000.0
HAIN,2188452000.0
HAL,20680000000.0
HALO,579924000.0
HARP,171592000.0
HAS,10818385000.0
HASI,3459067000.0
HAYN,560724000.0
HBAN,123038000000.0
HBB,391168000.0
HBCP,2591850000.0
HBI,7698874000.0
HBIO,156254000.0
HBMD,2537991000.0
HBNC,5886614000.0
HBT,3666567000.0
HCA,47490000000.0
HCAT,577740000.0
HCC,1393936000.0
HCCI,461669000.0
HCI,941313000.0
HCKT,192545000.0
HCSG,785031000.0
HD,70581000000.0
HE,15004007000.0
HEAR,203453000.0
HEES,1980484000.0
HEI,3547711000.0
HELE,2263488000.0
HES,18821000000.0
HFC,11506864000.0
HFFG,484285083.0
HFWA,6615318000.0
HGV,3134000000.0
HHC,9140332000.0
HI,3987400000.0
HIBB,808166000.0
HIFS,2857093000.0
HIG,74111000000.0
HII,8157000000.0
HIW,5209417000.0
HL,2667724000.0
HLF,3076100000.0
HLI,1677003000.0
HLIO,1296979000.0
HLIT,591523000.0
HLNE,473529000.0
HLT,16755000000.0
HMHC,2021126000.0
HMN,13471813000.0
HMST,7237091000.0
HMTV,501845000.0
HNGR,950751000.0
HNI,1418032000.0
HOFT,352273000.0
HOG,12010601000.0
HOLX,7195800000.0
HOMB,16398804000.0
HOME,2524913000.0
HON,64586000000.0
HONE,4483615000.0
HOPE,17106664000.0
HP,4829621000.0
HPE,54015000000.0
HPP,8350202000.0
HPQ,34681000000.0
HQY,2710407000.0
HR,3812260000.0
HRB,5112047000.0
HRC,4671100000.0
HRI,3588400000.0
HRL,9908282000.0
HRTG,2089379000.0
HRTX,353556000.0
HSC,2993287000.0
HSIC,7772532000.0
HSII,787812000.0
HSKA,399839000.0
HST,12890000000.0
HSTM,500313000.0
HSY,9131845000.0
HT,1980988000.0
HTA,6790692000.0
HTBI,3722852000.0
HTBK,4634114000.0
HTH,16944264000.0
HTLD,951176000.0
HTLF,17908339000.0
HUBB,5085100000.0
HUBG,2105396000.0
HUBS,1973366000.0
HUM,34969000000.0
HUN,8713000000.0
HURC,295655000.0
HURN,1057476000.0
HVT,680372000.0
HWC,33638602000.0
HWKN,389328000.0
HWM,11443000000.0
HXL,2917800000.0
HY,1859500000.0
HYFM,275795000.0
HZNP,6072616000.0
HZO,775319000.0
IAA,2528900000.0
IAC,9135440000.0
IART,3615136000.0
IBCP,4204013000.0
IBIO,94189000.0
IBKR,95679000000.0
IBM,155971000000.0
IBOC,14029467000.0
IBP,1187676000.0
IBRX,79485000.0
IBTX,17753476000.0
ICAD,55582000.0
ICE,126200000000.0
ICFI,1667290000.0
ICHR,774172000.0
ICPT,580489000.0
ICUI,1763691000.0
IDA,7095244000.0
IDCC,1616275000.0
IDT,404750000.0
IDXX,2294561000.0
IDYA,298269000.0
IESC,560528000.0
IEX,4414398000.0
IFF,13555671000.0
IGMS,408632000.0
IGT,12992488000.0
IHC,1083156000.0
IHRT,9202961000.0
III,218755000.0
IIIN,337902000.0
IIIV,403526000.0
IIN,121296000.0
IIPR,1768081000.0
IIVI,5234714000.0
ILMN,7585000000.0
ILPT,1915745000.0
IMAX,997750000.0
IMGN,355072000.0
IMKTA,1899298902.0
IMMR,96130000.0
IMVT,109387000.0
IMXI,259473000.0
INBK,4246156000.0
INBX,143740000.0
INCY,3560918000.0
INDB,13204301000.0
INDT,301362000.0
INFN,1732497000.0
INFO,16135200000.0
INFU,96991000.0
INGN,461852000.0
INGR,6858000000.0
INN,2233019000.0
INO,539772472.0
INOV,1971398000.0
INS,57025000.0
INSG,227394000.0
INSM,796155000.0
INSP,281189000.0
INSW,1586539000.0
INT,4500300000.0
INTC,153091000000.0
INTU,10931000000.0
INVA,999570000.0
INVH,17506222000.0
INZY,169363000.0
IONS,2389755000.0
IOSP,1397400000.0
IOVA,768458000.0
IP,31718000000.0
IPAR,890145000.0
IPG,18042700000.0
IPGP,2935700000.0
IPI,550188000.0
IQV,24564000000.0
IR,16058600000.0
IRBT,1189728000.0
IRDM,3360949000.0
IRM,14149267000.0
IRT,1734897000.0
IRTC,511739000.0
IRWD,559238000.0
ISBC,26023159000.0
ISEE,216754000.0
ISRG,11168900000.0
ISTR,2321181000.0
IT,7315967000.0
ITCI,717313674.0
ITGR,2371857000.0
ITI,101957000.0
ITIC,282925000.0
ITOS,344558000.0
ITRI,2607023000.0
ITT,4277600000.0
ITW,15612000000.0
IVC,945981000.0
IVR,8632851000.0
IVZ,36504100000.0
J,12354353000.0
JACK,1906494000.0
JAMF,1078153000.0
JAZZ,6535901000.0
JBGS,6079547000.0
JBHT,5928348000.0
JBL,14397416000.0
JBLU,13406000000.0
JBSS,407457000.0
JBT,1805900000.0
JCI,40815000000.0
JEF,53118352000.0
JELD,3964685000.0
JJSF,1056553000.0
JKHY,2428474000.0
JLL,14316500000.0
JNCE,244236000.0
JNJ,174894000000.0
JNPR,9378300000.0
JOE,1037324000.0
JOUT,546026000.0
JPM,3386071000000.0
JRVR,5063072000.0
JWN,9538000000.0
JYNT,65732843.0
K,17996000000.0
KAI,927571000.0
KALA,221606000.0
KALU,1864700000.0
KALV,92529000.0
KAMN,1306393000.0
KAR,6798200000.0
KBAL,386267000.0
KBH,5356442000.0
KBR,5705000000.0
KDMN,162710000.0
KDNY,429002000.0
KDP,49779000000.0
KE,774829000.0
KELYA,2561900000.0
KEX,5924174000.0
KEY,170336000000.0
KEYS,7218000000.0
KFRC,479049000.0
KFY,2743828000.0
KHC,99830000000.0
KIDS,320412000.0
KIM,11614498000.0
KIN,95814000.0
KKR,79806502000.0
KLAC,9279960000.0
KMB,17523000000.0
KMI,71973000000.0
KMPR,14341900000.0
KMT,3037591000.0
KMX,21541541000.0
KN,1654900000.0
KNL,1453100000.0
KNSA,349464000.0
KNSL,1546896000.0
KNTE,400571000.0
KNX,8468002000.0
KO,87296000000.0
KOD,1067347000.0
KOP,1598600000.0
KOS,3867593000.0
KPTI,313050000.0
KR,48662000000.0
KRA,2460957000.0
KRC,10000708000.0
KREF,4965612000.0
KRG,2608539000.0
KRNY,6758175000.0
KRO,2036700000.0
KRON,511964000.0
KROS,269443000.0
KRTX,347625000.0
KRYS,310844000.0
KSS,15337000000.0
KSU,9964000000.0
KTB,1545816000.0
KTOS,1562800000.0
KURA,647212000.0
KVHI,183591000.0
KW,7329000000.0
KWR,2891834000.0
KYMR,487175000.0
KZR,151842000.0
L,80236000000.0
LAD,7902100000.0
LADR,5881229000.0
LAMR,5791441000.0
LANC,993353000.0
LAND,1067289000.0
LASR,283644000.0
LAUR,4970894000.0
LAWS,256304000.0
LAZ,5971861000.0
LB,11571000000.0
LBAI,7664297000.0
LBC,6906104000.0
LBRDA,21371124000.0
LBRDK,21371124000.0
LBRT,1889942000.0
LC,1863293000.0
LCI,1136555000.0
LCII,2298031000.0
LCNB,1745884000.0
LCUT,807481000.0
LDL,775462000.0
LDOS,12511000000.0
LE,1045508000.0
LEA,13198600000.0
LECO,2314453000.0
LEG,4754000000.0
LEN,29935177000.0
LESL,746438000.0
LEVL,2442982000.0
LFUS,2747593000.0
LFVN,58877000.0
LGIH,1826087000.0
LGND,1362285000.0
LH,20071700000.0
LHCG,2483354000.0
LHX,36960000000.0
LII,2032500000.0
LILA,15230000000.0
LILAK,15230000000.0
LIN,88229000000.0
LIND,757449000.0
LITE,3292600000.0
LIVN,2411351000.0
LIVX,54116000.0
LJPC,72243000.0
LKFN,5830435000.0
LKQ,12360533000.0
LL,674348000.0
LLNW,314178000.0
LLY,46633100000.0
LMAT,252810000.0
LMND,828700000.0
LMNR,389600000.0
LMNX,825463000.0
LMT,50710000000.0
LNC,365948000000.0
LNDC,541313000.0
LNG,35697000000.0
LNN,570526000.0
LNSR,79120000.0
LNT,17710000000.0
LNTH,869821000.0
LOB,7872303000.0
LOCO,605221000.0
LOPE,1844579000.0
LORL,254469000.0
LOVE,171018871.0
LOW,46735000000.0
LPG,1671959843.0
LPLA,6523571000.0
LPSN,1006432000.0
LPX,2086000000.0
LQDA,99531760.0
LQDT,196634000.0
LRCX,14559047000.0
LRN,1073263000.0
LSCC,680067000.0
LSI,4727848000.0
LSTR,1653799000.0
LSXMA,32081000000.0
LSXMK,32081000000.0
LTC,1459486000.0
LTHM,936800000.0
LTRPA,4086000000.0
LULU,4185215000.0
LUMN,59394000000.0
LUNA,131002000.0
LUNG,263708000.0
LUV,34588000000.0
LVS,20807000000.0
LW,4662300000.0
LXFR,346400000.0
LXP,3493226000.0
LXRX,203788000.0
LYB,35403000000.0
LYFT,4678964000.0
LYTS,172263000.0
LYV,10589303000.0
LZB,1434889000.0
M,17706000000.0
MA,33584000000.0
MAA,11194791000.0
MAC,9184005000.0
MAN,9328200000.0
MANH,465412000.0
MANT,2213664000.0
MAR,24701000000.0
MAS,5777000000.0
MASI,1712552000.0
MASS,178827000.0
MAT,5521089000.0
MATW,2072633000.0
MATX,2900600000.0
MAX,210337000.0
MAXN,980343000.0
MAXR,4483000000.0
MBI,5751000000.0
MBIN,9645375000.0
MBIO,109900000.0
MBUU,477346000.0
MBWM,4437344000.0
MC,1196444000.0
MCB,4330821000.0
MCBC,2642026000.0
MCBS,1897489000.0
MCD,52626800000.0
MCF,170267000.0
MCFE,5428000000.0
MCFT,207923000.0
MCHP,17426100000.0
MCK,61247000000.0
MCO,12409000000.0
MCRB,342940000.0
MCRI,671877000.0
MCS,1254178000.0
MCY,6328246000.0
MD,3347948000.0
MDB,1407495000.0
MDC,3864920000.0
MDGL,286995000.0
MDLA,1401649000.0
MDLZ,67810000000.0
MDP,5510100000.0
MDRX,2917618000.0
MDT,93083000000.0
MDU,8053372000.0
MED,276084000.0
MEDP,1390677000.0
MEG,602726000.0
MEI,1370600000.0
MEIP,209728000.0
MESA,1501930000.0
MET,795146000000.0
MFA,6932300000.0
MFNC,1501730000.0
MG,583313000.0
MGEE,2253651000.0
MGLN,3359855000.0
MGM,36494934000.0
MGNI,938960000.0
MGNX,378743000.0
MGPI,366575000.0
MGRC,1275744000.0
MGTA,161619000.0
MGTX,363697400.0
MGY,1453420000.0
MHK,14327751000.0
MHO,2643045000.0
MIC,4179000000.0
MIDD,5202474000.0
MIME,934707000.0
MITK,169154000.0
MKC,12089700000.0
MKL,41710054000.0
MKSI,3903800000.0
MKTX,1331429000.0
MLAB,420206000.0
MLHR,2053900000.0
MLI,1528568000.0
MLM,10580800000.0
MLP,38470000.0
MLR,398410000.0
MMAC,533062000.0
MMC,33049000000.0
MMI,779122000.0
MMM,47344000000.0
MMS,2024702000.0
MMSI,1664396000.0
MNKD,108608000.0
MNOV,75419110.0
MNR,1939783000.0
MNRL,680961000.0
MNRO,2049457000.0
MNSB,1643165000.0
MNST,6202716000.0
MO,47414000000.0
MOD,1536100000.0
MODN,320290000.0
MODV,1425913000.0
MOFG,5556648000.0
MOH,9532000000.0
MORF,242382000.0
MORN,2696000000.0
MOS,19789800000.0
MOV,719257000.0
MPAA,777029000.0
MPB,2998948000.0
MPC,85158000000.0
MPW,16829014000.0
MPWR,1208491000.0
MPX,119422000.0
MRC,1781000000.0
MRCY,1610720000.0
MRK,91588000000.0
MRKR,45614815.0
MRLN,1021998000.0
MRNA,7336750000.0
MRNS,150462000.0
MRO,17956000000.0
MRSN,273399000.0
MRTN,831636000.0
MRTX,1476128000.0
MRVI,1270691000.0
MRVL,10764924000.0
MS,1115862000000.0
MSA,1872484000.0
MSBI,6868540000.0
MSCI,4198647000.0
MSEX,976470000.0
MSFT,301311000000.0
MSGE,3719206000.0
MSGN,850803000.0
MSGS,1233798000.0
MSI,10876000000.0
MSM,2382430000.0
MSON,203823707.0
MSP,1793271000.0
MSTR,1465612000.0
MTB,142601105000.0
MTCH,2976980000.0
MTD,2814549000.0
MTDR,3687280000.0
MTEM,139877000.0
MTG,7354526000.0
MTH,3864398000.0
MTN,5244232000.0
MTOR,2884000000.0
MTRN,1057860000.0
MTRX,517310000.0
MTSI,1146428000.0
MTW,1603500000.0
MTX,3209400000.0
MTZ,5227849000.0
MU,53678000000.0
MUR,10620852000.0
MUSA,2685700000.0
MVBF,2331476000.0
MWA,1395000000.0
MXIM,3629303000.0
MXL,1022442000.0
MYE,400015000.0
MYGN,1418800000.0
MYRG,995859000.0
NARI,214092000.0
NAT,974347000.0
NATH,105282000.0
NATI,1884488000.0
NATR,249498000.0
NAV,6637000000.0
NAVI,87412000000.0
NBEV,443182000.0
NBHC,6659950000.0
NBIX,1734700000.0
NBN,1257635000.0
NBR,5503428000.0
NBTB,10932906000.0
NC,476179000.0
NCBS,4551789000.0
NCLH,18399317000.0
NCMI,886200000.0
NCNO,563401000.0
NCR,8414000000.0
NDAQ,17979000000.0
NDLS,353631000.0
NDSN,3674656000.0
NEE,127684000000.0
NEM,41369000000.0
NEO,988331000.0
NEOG,797182000.0
NERV,57626209.0
NESR,1687054000.0
NET,1380651000.0
NETI,868195000.0
NEU,1933875000.0
NEWR,1258434000.0
NEX,1157888000.0
NFBK,5514544000.0
NFG,6964935000.0
NFLX,39280359000.0
NG,224441000.0
NGM,329043000.0
NGMS,94585000.0
NGVC,681792000.0
NGVT,2334500000.0
NHC,1362132000.0
NHI,3120489000.0
NI,22040500000.0
NKE,31342000000.0
NKSH,1519673000.0
NKTR,1538767000.0
NKTX,337650000.0
NL,548150000.0
NLOK,7735000000.0
NLS,318117000.0
NLSN,14135000000.0
NLTX,210519000.0
NLY,88455103000.0
NMIH,2166666000.0
NMRK,3982450000.0
NNBR,624962000.0
NNI,22646160000.0
NNN,7637844000.0
NOC,44469000000.0
NODK,617603000.0
NOV,9929000000.0
NOVA,3587582000.0
NOVT,865179000.0
NOW,8715057000.0
NP,806600000.0
NPK,433170000.0
NPO,2083600000.0
NPTN,323664000.0
NR,709192000.0
NRC,133423000.0
NRG,14902000000.0
NRIM,2121798000.0
NRIX,396343000.0
NRZ,33252114000.0
NSA,3513577000.0
NSC,37962000000.0
NSIT,4310732000.0
NSP,1584276000.0
NSSC,105838000.0
NSTG,544195000.0
NTAP,7522000000.0
NTB,14738634000.0
NTCT,3120503000.0
NTGR,1106039000.0
NTLA,676322000.0
NTNX,1768547000.0
NTRA,932153000.0
NTRS,170003900000.0
NTST,725815000.0
NTUS,600394000.0
NUAN,3593332000.0
NUE,20125394000.0
NUS,1957076000.0
NUVA,2693082000.0
NVAX,1582479000.0
NVCR,1051983000.0
NVDA,28791000000.0
NVEC,79498150.0
NVEE,881175000.0
NVR,5777141000.0
NVRO,789428000.0
NVST,6876000000.0
NVT,4366100000.0
NVTA,3430485000.0
NWBI,13806268000.0
NWE,6389449000.0
NWFL,1851864000.0
NWL,14700000000.0
NWLI,14648270000.0
NWN,3756379000.0
NWPX,373015000.0
NWS,14261000000.0
NWSA,14261000000.0
NX,691585000.0
NXGN,720116000.0
NXRT,1829214000.0
NXST,13404276000.0
NXTC,306644000.0
NYCB,56306120000.0
NYMT,4655587000.0
NYT,2307689000.0
O,20740285000.0
OBNK,7628268000.0
OC,9481000000.0
OCDX,3401500000.0
OCFC,11448313000.0
OCUL,261863000.0
OCX,55419000.0
ODC,235882000.0
ODP,5558000000.0
ODT,167886000.0
OEC,1389794000.0
OFC,4077023000.0
OFIX,525861000.0
OFLX,71571000.0
OGE,10718800000.0
OGS,6028712000.0
OHI,9497449000.0
OI,8882000000.0
OII,2045842000.0
OIS,1152260000.0
OKE,23078754000.0
OKTA,3298797000.0
OLED,1269228000.0
OLLI,2005855000.0
OLMA,342722000.0
OLN,8270900000.0
OLP,776137000.0
OM,403829000.0
OMC,27647200000.0
OMCL,1824504000.0
OMER,181042000.0
OMF,22471000000.0
OMI,3335639000.0
ON,8668000000.0
ONB,22960622000.0
ONEM,1070990000.0
ONEW,458067000.0
ONTF,156718000.0
ONTO,1468172000.0
OOMA,89097000.0
OPBK,1366826000.0
OPCH,2647439000.0
OPI,3946436000.0
OPK,2473063000.0
OPRT,2009051000.0
OPRX,60327754.0
OPTN,188813000.0
OPY,2713903000.0
ORA,3888987000.0
ORBC,510845000.0
ORC,4058051000.0
ORCL,115438000000.0
ORGO,294494000.0
ORI,22815200000.0
ORIC,298997000.0
ORLY,11596642000.0
ORRF,2750572000.0
OSBC,3040837000.0
OSG,1231737000.0
OSH,780978000.0
OSIS,1268541000.0
OSK,5815900000.0
OSPN,375203000.0
OSTK,830214000.0
OSUR,454472000.0
OSW,702279000.0
OTIS,10710000000.0
OTRK,144701000.0
OTTR,2578354000.0
OUT,5896900000.0
OVBC,1186932000.0
OVID,75925518.0
OVLY,1511478000.0
OVV,14469000000.0
OXM,865634000.0
OXY,80064000000.0
OYST,197910000.0
OZK,27162596000.0
PACB,413980000.0
PACK,1133500000.0
PACW,29498442000.0
PAE,1829370000.0
PAG,13247200000.0
PAHC,784100000.0
PANW,9065400000.0
PAR,343749000.0
PARR,2133861000.0
PASG,328007000.0
PATK,1753435000.0
PAVM,19778000.0
PAYC,2607912000.0
PAYS,67833506.0
PAYX,8550700000.0
PB,34059275000.0
PBCT,63091800000.0
PBF,10499800000.0
PBH,3513905000.0
PBI,5220137000.0
PBIP,1223353000.0
PBYI,244220000.0
PCAR,28260000000.0
PCB,1922853000.0
PCG,97856000000.0
PCH,2381065000.0
PCRX,1274513000.0
PCSB,1791929000.0
PCTY,1985648000.0
PCVX,392826000.0
PCYO,89761056.0
PD,795443000.0
PDCE,5237973000.0
PDCO,2715350000.0
PDFS,287580000.0
PDLB,1355231000.0
PDM,3739810000.0
PEAK,15920089000.0
PEB,6076366000.0
PEBK,1414855000.0
PEBO,4760764000.0
PEG,50050000000.0
PEGA,1604262000.0
PEN,822983000.0
PENN,14667300000.0
PEP,92918000000.0
PETQ,771592000.0
PETS,187497000.0
PFBC,5141360000.0
PFBI,1945822000.0
PFC,7211734000.0
PFE,154229000000.0
PFG,296627700000.0
PFGC,7719700000.0
PFIS,2883802000.0
PFPT,2498710000.0
PFS,12919741000.0
PFSI,31597795000.0
PG,120700000000.0
PGC,5890442000.0
PGEN,314587000.0
PGNY,253927000.0
PGR,64098300000.0
PGRE,8554097000.0
PGTI,1062521000.0
PH,19738189000.0
PHAT,295111000.0
PHM,12205498000.0
PHR,326666000.0
PI,207616000.0
PII,4632700000.0
PINC,2948515000.0
PING,990451000.0
PINS,2609459000.0
PIPR,1997140000.0
PIRS,105010000.0
PJT,1171607000.0
PK,10587000000.0
PKBK,2078322000.0
PKE,171786000.0
PKG,7433200000.0
PKI,7960315000.0
PKOH,1300500000.0
PLAB,1188182000.0
PLAN,739125000.0
PLAY,2352824000.0
PLCE,1140127000.0
PLD,56065005000.0
PLMR,729092000.0
PLNT,1849737000.0
PLOW,579202000.0
PLPC,461087000.0
PLRX,295526000.0
PLSE,41293000.0
PLTK,1776200000.0
PLUG,2416137000.0
PLUS,909113000.0
PLXS,2289848000.0
PLYM,920270000.0
PM,44815000000.0
PMT,11492011000.0
PMVP,365531000.0
PNC,466679000000.0
PNFP,34932860000.0
PNM,7939854000.0
PNR,4197200000.0
PNTG,506976000.0
PNW,20020421000.0
PODD,1872900000.0
POLY,22984000.0
POOL,1739670000.0
POR,9069000000.0
POST,12146700000.0
POWI,903339000.0
POWL,472278000.0
PPBI,19736544000.0
PPC,7474497000.0
PPD,6293843000.0
PPG,19556000000.0
PPL,48116000000.0
PQG,3197821000.0
PRA,4654803000.0
PRAA,4453061000.0
PRAH,4178501000.0
PRAX,303177000.0
PRDO,721517000.0
PRFT,785761000.0
PRG,1317404000.0
PRGO,11488400000.0
PRGS,1041782000.0
PRI,14905285000.0
PRK,9279021000.0
PRLB,744204000.0
PRLD,223590000.0
PRMW,3604700000.0
PRO,539971000.0
PROS,3050712000.0
PRPL,554732000.0
PRTA,332975000.0
PRTK,176853000.0
PRTS,186973000.0
PRU,940722000000.0
PRVB,128519000.0
PSA,11816546000.0
PSB,2057705000.0
PSMT,1656825000.0
PSN,3937704000.0
PSNL,244842000.0
PSTG,2819440000.0
PSTX,371484000.0
PSX,54721000000.0
PTC,3382738000.0
PTCT,2208278000.0
PTEN,3299069000.0
PTGX,324468000.0
PTON,2981800000.0
PTVCB,1722827000.0
PTVE,6843000000.0
PUMP,1050739000.0
PVAC,907326000.0
PVBC,1505781000.0
PVH,13293500000.0
PWOD,1834643000.0
PXD,19229000000.0
PYPL,70379000000.0
PZN,188687000.0
PZZA,872770000.0
QADA,350787000.0
QCOM,35594000000.0
QCRH,5682797000.0
QDEL,1871164000.0
QGEN,5912530000.0
QLYS,736819000.0
QMCO,165995000.0
QNST,358407000.0
QRTEA,16999000000.0
QRVO,6560682000.0
QTNT,226463000.0
QTRX,271045000.0
QTS,3898572000.0
QTWO,1416702000.0
QUAD,1927700000.0
QUOT,586792000.0
R,12931954000.0
RAD,9335404000.0
RAMP,1301889000.0
RAPT,118969000.0
RARE,1759555000.0
RAVN,409371000.0
RBB,3350072000.0
RBBN,1547265000.0
RBC,4589000000.0
RBCAA,6168325000.0
RBNC,3026535000.0
RC,5372095000.0
RCII,1750980000.0
RCKT,590824000.0
RCKY,229091000.0
RCL,32465187000.0
RCM,1189000000.0
RCUS,772292000.0
RDFN,1360520000.0
RDN,7948021000.0
RDNT,1786657000.0
RDUS,191582000.0
RE,32788357000.0
REAL,605109000.0
REG,10936904000.0
REGI,1461398000.0
REGN,17163300000.0
REPH,103415000.0
REPL,234097000.0
RES,790505000.0
RETA,857598000.0
REV,2527700000.0
REVG,1312300000.0
REX,479345000.0
REXR,4951174000.0
REYN,4722000000.0
REZI,5610000000.0
RF,147389000000.0
RFL,136347000.0
RGA,84656000000.0
RGCO,281679507.0
RGEN,1902887000.0
RGLD,2766287000.0
RGNX,708164000.0
RGP,529181000.0
RGR,348258000.0
RGS,1342794000.0
RH,2898313000.0
RHI,2557424000.0
RHP,3556495000.0
RICK,360933000.0
RIG,21804000000.0
RIGL,110378000.0
RILY,2662730000.0
RJF,47482000000.0
RKT,37534602000.0
RL,7279900000.0
RLAY,799829000.0
RLGT,300040000.0
RLGY,6934000000.0
RLJ,5617172000.0
RLMD,118186204.0
RM,1103856000.0
RMAX,557392000.0
RMBI,1084192657.0
RMBS,1251409000.0
RMD,4587376000.0
RMR,690253000.0
RMTI,77748000.0
RNA,333898000.0
RNG,2184597000.0
RNR,30820580000.0
RNST,14929612000.0
ROAD,628114000.0
ROCK,1212494000.0
ROG,1264005000.0
ROIC,2861848000.0
ROK,7264700000.0
ROKU,2270542000.0
ROL,1845900000.0
ROLL,1321912000.0
ROP,24024800000.0
ROST,12717867000.0
RPAI,3637203000.0
RPAY,1109978140.0
RPD,913122000.0
RPM,5630954000.0
RPRX,16020286000.0
RPT,1950040000.0
RRBI,2642634000.0
RRC,6136936000.0
RRGB,974739000.0
RRR,3739954000.0
RS,8106800000.0
RSG,23434000000.0
RTX,162153000000.0
RUBY,277794000.0
RUN,14382943000.0
RUSHA,2985393000.0
RUSHB,2985393000.0
RUTH,542674000.0
RVI,1195876000.0
RVMD,567401000.0
RVNC,720220000.0
RVSB,1549158000.0
RWT,10355066000.0
RXN,3401100000.0
RXT,6377800000.0
RYAM,2529865000.0
RYI,1802100000.0
RYN,3728733000.0
RYTM,187073000.0
SABR,6077722000.0
SAFE,3208970000.0
SAFM,1849031000.0
SAFT,2054273000.0
SAGE,2159246000.0
SAH,3745993000.0
SAIA,1548774000.0
SAIC,5723000000.0
SAIL,1075600000.0
SAM,1378825000.0
SAMG,213804000.0
SANA,730296000.0
SANM,3772656000.0
SASR,12798429000.0
SATS,7073352000.0
SAVA,94300000.0
SAVE,8398825000.0
SB,1105629000.0
SBAC,9158018000.0
SBCF,8342392000.0
SBGI,13382000000.0
SBH,2895147000.0
SBNY,73888344000.0
SBRA,5985603000.0
SBSI,7008227000.0
SBT,3914045000.0
SBTX,394804000.0
SBUX,29374500000.0
SC,48887493000.0
SCCO,16946500000.0
SCHL,2033600000.0
SCHN,1229927000.0
SCHW,549009000000.0
SCI,14515425000.0
SCL,1752336000.0
SCOR,677970000.0
SCS,2354000000.0
SCSC,1692094000.0
SCU,1583177000.0
SCVL,642747000.0
SCWX,1045361000.0
SDGR,746263000.0
SEAC,50408000.0
SEAS,2566358000.0
SEB,6399000000.0
SEDG,2437109000.0
SEE,6083800000.0
SEER,442319000.0
SEIC,2167256000.0
SELB,165435000.0
SEM,7655399000.0
SENEA,909309000.0
SF,26604254000.0
SFBS,11932654000.0
SFE,69035000.0
SFIX,769429000.0
SFL,3093211000.0
SFM,2806404000.0
SFNC,22359752000.0
SFST,2482587000.0
SGA,246488000.0
SGC,393924000.0
SGEN,4000906000.0
SGFY,1522300000.0
SGH,786608000.0
SGMO,938550000.0
SGMS,7984000000.0
SGRY,5413200000.0
SHAK,1145348000.0
SHBI,1933315000.0
SHC,2761279000.0
SHEN,2031707000.0
SHLS,195310000.0
SHO,2985717000.0
SHOO,1137761000.0
SHW,20401600000.0
SHYF,359049000.0
SI,5586235000.0
SIBN,223142000.0
SIEB,1372987000.0
SIEN,168978000.0
SIG,6178900000.0
SIGA,149831391.0
SIGI,9687913000.0
SILK,179314000.0
SIRI,10333000000.0
SITC,4108284000.0
SITE,1695700000.0
SITM,136011000.0
SIVB,115511007000.0
SIX,2772691000.0
SJI,6689148000.0
SJM,16970400000.0
SJW,3311465000.0
SKT,2189531000.0
SKX,5812369000.0
SKY,781700000.0
SKYW,6887622000.0
SLAB,1993487000.0
SLB,42434000000.0
SLCA,2246947000.0
SLCT,1730045000.0
SLDB,171169000.0
SLG,11707567000.0
SLGN,6511586000.0
SLM,30770423000.0
SLP,168421517.0
SLQT,1073793000.0
SM,4976431000.0
SMAR,911789000.0
SMBC,2542157000.0
SMBK,3304949000.0
SMCI,1918646000.0
SMED,54136000.0
SMG,3380500000.0
SMMF,3106384000.0
SMP,956540000.0
SMPL,2008445000.0
SMTC,1082102000.0
SNA,6557300000.0
SNBR,800136000.0
SNCR,482255000.0
SNDR,3516200000.0
SNDX,300613000.0
SNEX,13474900000.0
SNPS,8030062000.0
SNR,1773536000.0
SNV,54394159000.0
SNX,13468590000.0
SO,122935000000.0
SOI,411896000.0
SON,5277259000.0
SONO,816051000.0
SP,1137700000.0
SPB,5107300000.0
SPCE,803990000.0
SPFI,3599160000.0
SPG,34786846000.0
SPGI,12537000000.0
SPKE,366667000.0
SPLK,5868486000.0
SPNE,214401000.0
SPNS,714161000.0
SPNT,3725594000.0
SPOK,277291000.0
SPOT,6326000000.0
SPPI,196798000.0
SPR,8383900000.0
SPRO,153451000.0
SPSC,526458000.0
SPT,239669000.0
SPTN,2277391000.0
SPWH,660818000.0
SPWR,1646482000.0
SPXC,2297700000.0
SQ,9869550000.0
SR,8241200000.0
SRC,6396786000.0
SRCE,7316411000.0
SRCL,5581900000.0
SRDX,168763000.0
SRE,66623000000.0
SRG,2648943000.0
SRGA,122704000.0
SRI,621408000.0
SRNE,535822000.0
SRPT,2984718000.0
SRRK,388305000.0
SSB,37789873000.0
SSD,1232569000.0
SSNC,15923600000.0
SSP,4859386000.0
SSTI,66320000.0
SSTK,729644000.0
ST,7844202000.0
STAA,257416000.0
STAG,4692646000.0
STAR,4861808000.0
STAY,4089149000.0
STBA,8967897000.0
STC,1978575000.0
STE,5425582000.0
STEP,680829000.0
STFC,3102500000.0
STL,29820138000.0
STLD,9265562000.0
STMP,1297299000.0
STNE,31748664000.0
STNG,5158624000.0
STOK,297925000.0
STOR,9004340000.0
STRA,2295807000.0
STRL,952694000.0
STRO,394111000.0
STRS,544016000.0
STT,314706000000.0
STTK,348988000.0
STWD,80873509000.0
STXB,3084759000.0
STXS,55455825.0
STZ,27104800000.0
SUI,11206586000.0
SUM,4308011000.0
SUMO,570507000.0
SUPN,1504102000.0
SVC,8687319000.0
SVMK,877817000.0
SVRA,97745000.0
SWAV,272042000.0
SWBI,728961000.0
SWCH,2114456000.0
SWI,5710483000.0
SWK,23566300000.0
SWKS,5106700000.0
SWM,1584900000.0
SWN,5160000000.0
SWTX,576191000.0
SWX,8735853000.0
SXC,1613400000.0
SXI,930878000.0
SXT,1740860000.0
SYBT,4608629000.0
SYF,95948000000.0
SYK,34330000000.0
SYKE,1435805000.0
SYNA,1693800000.0
SYNH,8063306000.0
SYRS,213250000.0
SYX,374900000.0
SYY,22628266000.0
T,525761000000.0
TACO,747309000.0
TALO,2834546000.0
TAP,27331100000.0
TAST,1757085000.0
TBBK,6276841000.0
TBI,980577000.0
TBIO,889936000.0
TBK,5935791000.0
TBNK,2110799000.0
TBPH,469057000.0
TCBI,37726096000.0
TCBK,7639529000.0
TCDA,351685000.0
TCF,47802487000.0
TCFC,2026439000.0
TCMD,174087000.0
TCRR,246195000.0
TCS,1166814000.0
TCX,451903000.0
TDC,2193000000.0
TDG,18395000000.0
TDOC,17755281000.0
TDS,12525000000.0
TDW,1251177000.0
TDY,5084800000.0
TEAM,3894072000.0
TECH,2027589000.0
TELL,292995000.0
TEN,11852000000.0
TENB,690589000.0
TER,3652346000.0
TEX,3031800000.0
TFC,509228000000.0
TFSL,14642221000.0
TFX,7152559000.0
TG,514870000.0
TGH,5741376000.0
TGI,2980333000.0
TGNA,6848699000.0
TGT,51248000000.0
TGTX,625642000.0
TH,534237000.0
THC,27106000000.0
THFF,4557544000.0
THG,13443700000.0
THO,5771460000.0
THR,620905000.0
THRM,1022839000.0
THS,5485700000.0
TILE,1306011000.0
TIPT,2995760000.0
TISI,730975000.0
TITN,815789000.0
TJX,30813555000.0
TKR,5041600000.0
TLS,183817000.0
TLYS,505473000.0
TMDX,152026000.0
TMHC,7737995000.0
TMO,69052000000.0
TMP,7622171000.0
TMST,994000000.0
TMUS,200162000000.0
TMX,4837000000.0
TNC,1082600000.0
TNDM,716415000.0
TNET,3043000000.0
TNL,7613000000.0
TOL,11065733000.0
TOWN,14626444000.0
TPB,489333000.0
TPC,5045617000.0
TPH,4021980000.0
TPIC,956257000.0
TPR,7924200000.0
TPTX,1136713000.0
TPX,3308600000.0
TR,984558000.0
TRC,536349000.0
TREC,316833000.0
TREE,1188990000.0
TREX,770492000.0
TRGP,15875700000.0
TRHC,514440000.0
TRIP,1969000000.0
TRMB,6876900000.0
TRMK,16551840000.0
TRN,8701800000.0
TRNO,2139820000.0
TRNS,132116000.0
TROW,10659000000.0
TROX,6568000000.0
TRS,1193880000.0
TRST,5901796000.0
TRTN,9712533000.0
TRTX,4908743000.0
TRU,7311600000.0
TRUE,458061000.0
TRV,116764000000.0
TSBK,1565978000.0
TSC,9896816000.0
TSCO,7049116000.0
TSE,2845200000.0
TSHA,258881000.0
TSLA,52148000000.0
TSN,34456000000.0
TT,18156700000.0
TTC,2853228000.0
TTD,2753645000.0
TTEC,1516408000.0
TTEK,2378558000.0
TTGT,456568000.0
TTMI,2895944000.0
TTWO,4948832000.0
TUP,1219900000.0
TVTY,578983000.0
TW,5679850000.0
TWLO,9487433000.0
TWNK,3365469000.0
TWO,19515921000.0
TWOU,1544264000.0
TWST,398882000.0
TWTR,13379090000.0
TXG,929341000.0
TXMD,181609653.0
TXN,19351000000.0
TXRH,2325161000.0
TXT,15443000000.0
TYL,2607274000.0
TYME,29500834.0
U,2671225000.0
UA,5030628000.0
UAA,5030628000.0
UAL,59548000000.0
UBA,1010179000.0
UBER,33252000000.0
UBFO,1092654000.0
UBSI,26184247000.0
UBX,156319000.0
UCBI,17794374000.0
UCTT,1102500000.0
UE,2939560000.0
UEIC,510290000.0
UFCS,3069678000.0
UFI,474162000.0
UFPI,2404891000.0
UFPT,203204000.0
UFS,4856000000.0
UGI,13985000000.0
UHAL,13438024000.0
UHS,13476879000.0
UHT,494009000.0
UI,737451000.0
UIHC,2848941000.0
UIS,2707900000.0
ULH,1063049000.0
ULTA,5089969000.0
UMBF,33127504000.0
UMH,1087214000.0
UMPQ,29235175000.0
UNF,2199027000.0
UNFI,7586972000.0
UNH,197289000000.0
UNIT,4731818000.0
UNM,70625800000.0
UNP,62398000000.0
UNTY,1958914000.0
UNVR,6355000000.0
UPLD,1011220000.0
UPS,62408000000.0
UPST,477255000.0
UPWK,529227000.0
URBN,3546345000.0
URGN,122005000.0
URI,17868000000.0
USB,553905000000.0
USCR,1506300000.0
USFD,12423000000.0
USLM,279098000.0
USM,9681000000.0
USNA,640887000.0
USX,1179590000.0
UTHR,4615000000.0
UTL,1477900000.0
UTMD,111745000.0
UUUU,183236000.0
UVE,1758741000.0
UVSP,6336496000.0
UVV,2120921000.0
V,80919000000.0
VAC,8898000000.0
VALU,109728000.0
VAPO,215658000.0
VBIV,209372000.0
VBTX,8820871000.0
VC,2271000000.0
VCEL,205608000.0
VCRA,406821000.0
VCYT,457163000.0
VEC,843811000.0
VECO,898064000.0
VEEV,3046067000.0
VER,13324408000.0
VERI,177654000.0
VERU,51543675.0
VFC,11133251000.0
VG,1395836000.0
VGR,1343409000.0
VHC,234793000.0
VIAC,52663000000.0
VIACA,52663000000.0
VIAV,1776300000.0
VICI,17063613000.0
VICR,396239000.0
VIR,918761000.0
VIRT,9965798000.0
VITL,171374000.0
VIVO,405261000.0
VKTX,256502000.0
VLGEA,915546000.0
VLO,51774000000.0
VLY,40686076000.0
VMC,11686905000.0
VMD,112560000.0
VMI,2953160000.0
VMW,29016000000.0
VNDA,533456000.0
VNO,16221822000.0
VNT,3073000000.0
VOR,75908000.0
VOXX,441571000.0
VOYA,180518000000.0
VPG,401887000.0
VRA,513787000.0
VRAY,261552000.0
VRCA,74154000.0
VREX,1139500000.0
VRM,1724056000.0
VRNS,555482000.0
VRNT,3261295000.0
VRRM,1367325000.0
VRS,1245000000.0
VRSK,7561800000.0
VRSN,1766910000.0
VRT,5073800000.0
VRTS,3466943000.0
VRTV,2335000000.0
VRTX,11751808000.0
VSAT,4883868000.0
VSEC,780081000.0
VSH,3154473000.0
VST,25208000000.0
VSTM,154349000.0
VSTO,1391289000.0
VTOL,1945261000.0
VTR,23929404000.0
VTRS,61553000000.0
VVI,853224000.0
VVNT,2877493000.0
VVV,3051000000.0
VWTR,180446000.0
VXRT,152582000.0
VYGR,261584000.0
VYNE,93742000.0
VZ,316481000000.0
W,4569929000.0
WAB,18454500000.0
WABC,6747931000.0
WAFD,18794055000.0
WAL,36461000000.0
WASH,5713169000.0
WAT,2839920000.0
WBA,87174000000.0
WBS,32590690000.0
WBT,2141600000.0
WCC,11880214000.0
WD,4650975000.0
WDAY,8718411000.0
WDC,25662000000.0
WDFC,362637000.0
WEC,37028100000.0
WELL,32483642000.0
WEN,5040006000.0
WERN,2156676000.0
WETF,896692000.0
WEX,8183361000.0
WEYS,256719000.0
WFC,1955163000000.0
WGO,1713700000.0
WH,4644000000.0
WHD,815594000.0
WHG,149152000.0
WHR,20350000000.0
WIFI,576479000.0
WINA,31343200.0
WING,211565000.0
WIRE,966454000.0
WK,707006000.0
WKHS,632542369.0
WLDN,410323000.0
WLFC,2364948000.0
WLK,13835000000.0
WLL,2043940000.0
WLTW,38531000000.0
WM,29345000000.0
WMB,44165000000.0
WMC,3336009000.0
WMK,1820421000.0
WMS,2369888000.0
WMT,252496000000.0
WNC,1161470000.0
WNEB,2365886000.0
WOOF,6075702000.0
WOR,2331515000.0
WORK,2433700000.0
WOW,2487000000.0
WPC,14707636000.0
WRB,28606913000.0
WRE,2409818000.0
WRI,3961400000.0
WRK,28779700000.0
WRLD,1030086435.0
WSBC,16425610000.0
WSBF,2184587000.0
WSC,5572205000.0
WSFS,14333914000.0
WSM,4661424000.0
WSO,2484347000.0
WSR,1045002000.0
WST,2793800000.0
WTBA,3185744000.0
WTFC,45080768000.0
WTI,940582000.0
WTM,4831400000.0
WTRE,3532060000.0
WTRG,13705277000.0
WTRH,232232000.0
WTS,1738200000.0
WTTR,875359000.0
WU,9496300000.0
WVE,279238000.0
WW,1481174000.0
WWD,3903336000.0
WWE,1297322000.0
WWW,2137400000.0
WY,16311000000.0
WYNN,13869547000.0
X,12059000000.0
XBIT,353744000.0
XEC,4621989000.0
XEL,53957000000.0
XENT,227381000.0
XERS,159151000.0
XFOR,122871000.0
XHR,3079603000.0
XLNX,4693334000.0
XLRN,932337000.0
XNCR,703244000.0
XOM,332750000000.0
XONE,107289000.0
XPEL,83839831.0
XPER,2701176000.0
XPO,16169000000.0
XRAY,9342000000.0
XRX,14741000000.0
XYL,8750000000.0
Y,28927010000.0
YELP,1154947000.0
YETI,737067000.0
YEXT,595989000.0
YMAB,132047000.0
YORW,406957000.0
YUM,5852000000.0
YUMC,10875000000.0
Z,7486560000.0
ZBH,24417700000.0
ZBRA,5375000000.0
ZEN,2157279000.0
ZEUS,640605000.0
ZG,7486560000.0
ZGNX,651130000.0
ZION,81479000000.0
ZIOP,146345000.0
ZIXI,449724000.0
ZM,5297993000.0
ZNGA,6206500000.0
ZNTL,365555000.0
ZS,1833458000.0
ZTS,13609000000.0
ZUMZ,998364000.0
ZUO,421507000.0
ZYXI,72175000.0
